Drug,Conc,Replicate,Strain,p5,p7,RC
Input,XXX,1,strain.0,96,1,0
Input,XXX,1,strain.1,96,1,0
Input,XXX,1,strain.10,96,1,0
Input,XXX,1,strain.100,96,1,0
Input,XXX,1,strain.101,96,1,0
Input,XXX,1,strain.102,96,1,0
Input,XXX,1,strain.103,96,1,0
Input,XXX,1,strain.104,96,1,0
Input,XXX,1,strain.105,96,1,0
Input,XXX,1,strain.106,96,1,0
Input,XXX,1,strain.107,96,1,0
Input,XXX,1,strain.108,96,1,0
Input,XXX,1,strain.109,96,1,0
Input,XXX,1,strain.11,96,1,0
Input,XXX,1,strain.110,96,1,2
Input,XXX,1,strain.111,96,1,0
Input,XXX,1,strain.112,96,1,0
Input,XXX,1,strain.113,96,1,0
Input,XXX,1,strain.114,96,1,0
Input,XXX,1,strain.115,96,1,0
Input,XXX,1,strain.116,96,1,0
Input,XXX,1,strain.117,96,1,0
Input,XXX,1,strain.118,96,1,0
Input,XXX,1,strain.119,96,1,0
Input,XXX,1,strain.12,96,1,0
Input,XXX,1,strain.120,96,1,0
Input,XXX,1,strain.121,96,1,0
Input,XXX,1,strain.122,96,1,0
Input,XXX,1,strain.123,96,1,0
Input,XXX,1,strain.124,96,1,0
Input,XXX,1,strain.125,96,1,0
Input,XXX,1,strain.126,96,1,0
Input,XXX,1,strain.127,96,1,0
Input,XXX,1,strain.128,96,1,0
Input,XXX,1,strain.129,96,1,0
Input,XXX,1,strain.13,96,1,0
Input,XXX,1,strain.130,96,1,0
Input,XXX,1,strain.131,96,1,0
Input,XXX,1,strain.132,96,1,0
Input,XXX,1,strain.133,96,1,0
Input,XXX,1,strain.134,96,1,0
Input,XXX,1,strain.135,96,1,0
Input,XXX,1,strain.136,96,1,0
Input,XXX,1,strain.137,96,1,0
Input,XXX,1,strain.138,96,1,0
Input,XXX,1,strain.139,96,1,0
Input,XXX,1,strain.14,96,1,0
Input,XXX,1,strain.140,96,1,0
Input,XXX,1,strain.141,96,1,0
Input,XXX,1,strain.142,96,1,0
Input,XXX,1,strain.143,96,1,0
Input,XXX,1,strain.144,96,1,0
Input,XXX,1,strain.145,96,1,0
Input,XXX,1,strain.146,96,1,0
Input,XXX,1,strain.147,96,1,0
Input,XXX,1,strain.148,96,1,1
Input,XXX,1,strain.149,96,1,0
Input,XXX,1,strain.15,96,1,0
Input,XXX,1,strain.150,96,1,0
Input,XXX,1,strain.151,96,1,1
Input,XXX,1,strain.152,96,1,0
Input,XXX,1,strain.153,96,1,0
Input,XXX,1,strain.154,96,1,0
Input,XXX,1,strain.155,96,1,1
Input,XXX,1,strain.156,96,1,0
Input,XXX,1,strain.157,96,1,0
Input,XXX,1,strain.158,96,1,0
Input,XXX,1,strain.159,96,1,0
Input,XXX,1,strain.16,96,1,0
Input,XXX,1,strain.160,96,1,0
Input,XXX,1,strain.161,96,1,0
Input,XXX,1,strain.162,96,1,0
Input,XXX,1,strain.163,96,1,0
Input,XXX,1,strain.164,96,1,0
Input,XXX,1,strain.165,96,1,0
Input,XXX,1,strain.166,96,1,0
Input,XXX,1,strain.167,96,1,0
Input,XXX,1,strain.168,96,1,0
Input,XXX,1,strain.169,96,1,0
Input,XXX,1,strain.17,96,1,0
Input,XXX,1,strain.170,96,1,0
Input,XXX,1,strain.171,96,1,0
Input,XXX,1,strain.172,96,1,0
Input,XXX,1,strain.173,96,1,0
Input,XXX,1,strain.174,96,1,0
Input,XXX,1,strain.175,96,1,0
Input,XXX,1,strain.176,96,1,0
Input,XXX,1,strain.177,96,1,0
Input,XXX,1,strain.178,96,1,0
Input,XXX,1,strain.179,96,1,0
Input,XXX,1,strain.18,96,1,0
Input,XXX,1,strain.180,96,1,0
Input,XXX,1,strain.181,96,1,0
Input,XXX,1,strain.182,96,1,0
Input,XXX,1,strain.183,96,1,0
Input,XXX,1,strain.184,96,1,2
Input,XXX,1,strain.185,96,1,0
Input,XXX,1,strain.186,96,1,0
Input,XXX,1,strain.187,96,1,0
Input,XXX,1,strain.188,96,1,0
Input,XXX,1,strain.189,96,1,0
Input,XXX,1,strain.19,96,1,0
Input,XXX,1,strain.190,96,1,0
Input,XXX,1,strain.191,96,1,0
Input,XXX,1,strain.192,96,1,0
Input,XXX,1,strain.193,96,1,0
Input,XXX,1,strain.194,96,1,0
Input,XXX,1,strain.195,96,1,0
Input,XXX,1,strain.196,96,1,0
Input,XXX,1,strain.197,96,1,0
Input,XXX,1,strain.198,96,1,1
Input,XXX,1,strain.199,96,1,0
Input,XXX,1,strain.2,96,1,0
Input,XXX,1,strain.20,96,1,0
Input,XXX,1,strain.200,96,1,0
Input,XXX,1,strain.201,96,1,0
Input,XXX,1,strain.202,96,1,0
Input,XXX,1,strain.203,96,1,0
Input,XXX,1,strain.204,96,1,0
Input,XXX,1,strain.205,96,1,0
Input,XXX,1,strain.206,96,1,0
Input,XXX,1,strain.207,96,1,0
Input,XXX,1,strain.208,96,1,0
Input,XXX,1,strain.209,96,1,0
Input,XXX,1,strain.21,96,1,0
Input,XXX,1,strain.210,96,1,0
Input,XXX,1,strain.211,96,1,0
Input,XXX,1,strain.212,96,1,0
Input,XXX,1,strain.213,96,1,0
Input,XXX,1,strain.214,96,1,0
Input,XXX,1,strain.215,96,1,0
Input,XXX,1,strain.216,96,1,0
Input,XXX,1,strain.217,96,1,0
Input,XXX,1,strain.218,96,1,0
Input,XXX,1,strain.219,96,1,0
Input,XXX,1,strain.22,96,1,0
Input,XXX,1,strain.220,96,1,0
Input,XXX,1,strain.221,96,1,0
Input,XXX,1,strain.222,96,1,0
Input,XXX,1,strain.223,96,1,0
Input,XXX,1,strain.224,96,1,0
Input,XXX,1,strain.225,96,1,0
Input,XXX,1,strain.226,96,1,0
Input,XXX,1,strain.227,96,1,0
Input,XXX,1,strain.228,96,1,0
Input,XXX,1,strain.229,96,1,0
Input,XXX,1,strain.23,96,1,0
Input,XXX,1,strain.230,96,1,0
Input,XXX,1,strain.231,96,1,0
Input,XXX,1,strain.232,96,1,0
Input,XXX,1,strain.233,96,1,1
Input,XXX,1,strain.234,96,1,0
Input,XXX,1,strain.235,96,1,0
Input,XXX,1,strain.236,96,1,0
Input,XXX,1,strain.237,96,1,0
Input,XXX,1,strain.238,96,1,0
Input,XXX,1,strain.239,96,1,0
Input,XXX,1,strain.24,96,1,0
Input,XXX,1,strain.240,96,1,1
Input,XXX,1,strain.241,96,1,0
Input,XXX,1,strain.242,96,1,0
Input,XXX,1,strain.243,96,1,0
Input,XXX,1,strain.244,96,1,0
Input,XXX,1,strain.245,96,1,0
Input,XXX,1,strain.246,96,1,0
Input,XXX,1,strain.247,96,1,0
Input,XXX,1,strain.248,96,1,1
Input,XXX,1,strain.249,96,1,0
Input,XXX,1,strain.25,96,1,0
Input,XXX,1,strain.250,96,1,0
Input,XXX,1,strain.251,96,1,0
Input,XXX,1,strain.252,96,1,0
Input,XXX,1,strain.253,96,1,0
Input,XXX,1,strain.254,96,1,0
Input,XXX,1,strain.255,96,1,0
Input,XXX,1,strain.256,96,1,0
Input,XXX,1,strain.257,96,1,0
Input,XXX,1,strain.258,96,1,0
Input,XXX,1,strain.259,96,1,0
Input,XXX,1,strain.26,96,1,0
Input,XXX,1,strain.260,96,1,0
Input,XXX,1,strain.261,96,1,0
Input,XXX,1,strain.262,96,1,0
Input,XXX,1,strain.263,96,1,0
Input,XXX,1,strain.264,96,1,0
Input,XXX,1,strain.265,96,1,0
Input,XXX,1,strain.266,96,1,0
Input,XXX,1,strain.267,96,1,0
Input,XXX,1,strain.268,96,1,0
Input,XXX,1,strain.269,96,1,0
Input,XXX,1,strain.27,96,1,0
Input,XXX,1,strain.270,96,1,0
Input,XXX,1,strain.271,96,1,1
Input,XXX,1,strain.272,96,1,0
Input,XXX,1,strain.273,96,1,1
Input,XXX,1,strain.274,96,1,0
Input,XXX,1,strain.275,96,1,0
Input,XXX,1,strain.276,96,1,0
Input,XXX,1,strain.277,96,1,0
Input,XXX,1,strain.278,96,1,0
Input,XXX,1,strain.279,96,1,0
Input,XXX,1,strain.28,96,1,0
Input,XXX,1,strain.280,96,1,0
Input,XXX,1,strain.281,96,1,0
Input,XXX,1,strain.282,96,1,0
Input,XXX,1,strain.283,96,1,0
Input,XXX,1,strain.284,96,1,0
Input,XXX,1,strain.285,96,1,1
Input,XXX,1,strain.286,96,1,0
Input,XXX,1,strain.287,96,1,0
Input,XXX,1,strain.288,96,1,0
Input,XXX,1,strain.289,96,1,0
Input,XXX,1,strain.29,96,1,0
Input,XXX,1,strain.290,96,1,0
Input,XXX,1,strain.291,96,1,0
Input,XXX,1,strain.292,96,1,0
Input,XXX,1,strain.293,96,1,0
Input,XXX,1,strain.294,96,1,0
Input,XXX,1,strain.295,96,1,0
Input,XXX,1,strain.296,96,1,0
Input,XXX,1,strain.297,96,1,0
Input,XXX,1,strain.298,96,1,0
Input,XXX,1,strain.299,96,1,0
Input,XXX,1,strain.3,96,1,0
Input,XXX,1,strain.30,96,1,0
Input,XXX,1,strain.300,96,1,0
Input,XXX,1,strain.301,96,1,0
Input,XXX,1,strain.302,96,1,0
Input,XXX,1,strain.303,96,1,0
Input,XXX,1,strain.304,96,1,0
Input,XXX,1,strain.305,96,1,0
Input,XXX,1,strain.306,96,1,0
Input,XXX,1,strain.307,96,1,0
Input,XXX,1,strain.308,96,1,0
Input,XXX,1,strain.309,96,1,0
Input,XXX,1,strain.31,96,1,0
Input,XXX,1,strain.310,96,1,0
Input,XXX,1,strain.311,96,1,0
Input,XXX,1,strain.312,96,1,0
Input,XXX,1,strain.313,96,1,0
Input,XXX,1,strain.314,96,1,0
Input,XXX,1,strain.315,96,1,0
Input,XXX,1,strain.316,96,1,0
Input,XXX,1,strain.317,96,1,0
Input,XXX,1,strain.318,96,1,0
Input,XXX,1,strain.319,96,1,0
Input,XXX,1,strain.32,96,1,0
Input,XXX,1,strain.320,96,1,0
Input,XXX,1,strain.321,96,1,1
Input,XXX,1,strain.322,96,1,0
Input,XXX,1,strain.323,96,1,0
Input,XXX,1,strain.324,96,1,0
Input,XXX,1,strain.325,96,1,0
Input,XXX,1,strain.326,96,1,0
Input,XXX,1,strain.327,96,1,0
Input,XXX,1,strain.328,96,1,0
Input,XXX,1,strain.329,96,1,0
Input,XXX,1,strain.33,96,1,0
Input,XXX,1,strain.330,96,1,1
Input,XXX,1,strain.331,96,1,0
Input,XXX,1,strain.332,96,1,0
Input,XXX,1,strain.333,96,1,0
Input,XXX,1,strain.334,96,1,0
Input,XXX,1,strain.335,96,1,0
Input,XXX,1,strain.336,96,1,0
Input,XXX,1,strain.337,96,1,1
Input,XXX,1,strain.338,96,1,0
Input,XXX,1,strain.339,96,1,0
Input,XXX,1,strain.34,96,1,0
Input,XXX,1,strain.340,96,1,0
Input,XXX,1,strain.341,96,1,0
Input,XXX,1,strain.342,96,1,0
Input,XXX,1,strain.343,96,1,0
Input,XXX,1,strain.344,96,1,0
Input,XXX,1,strain.345,96,1,0
Input,XXX,1,strain.346,96,1,0
Input,XXX,1,strain.347,96,1,0
Input,XXX,1,strain.348,96,1,0
Input,XXX,1,strain.349,96,1,0
Input,XXX,1,strain.35,96,1,0
Input,XXX,1,strain.350,96,1,0
Input,XXX,1,strain.351,96,1,0
Input,XXX,1,strain.352,96,1,0
Input,XXX,1,strain.353,96,1,0
Input,XXX,1,strain.354,96,1,1
Input,XXX,1,strain.355,96,1,0
Input,XXX,1,strain.356,96,1,0
Input,XXX,1,strain.357,96,1,0
Input,XXX,1,strain.358,96,1,0
Input,XXX,1,strain.359,96,1,0
Input,XXX,1,strain.36,96,1,0
Input,XXX,1,strain.360,96,1,0
Input,XXX,1,strain.361,96,1,0
Input,XXX,1,strain.362,96,1,0
Input,XXX,1,strain.363,96,1,0
Input,XXX,1,strain.364,96,1,0
Input,XXX,1,strain.365,96,1,0
Input,XXX,1,strain.366,96,1,0
Input,XXX,1,strain.367,96,1,0
Input,XXX,1,strain.368,96,1,0
Input,XXX,1,strain.369,96,1,0
Input,XXX,1,strain.37,96,1,0
Input,XXX,1,strain.370,96,1,0
Input,XXX,1,strain.371,96,1,0
Input,XXX,1,strain.372,96,1,0
Input,XXX,1,strain.373,96,1,0
Input,XXX,1,strain.374,96,1,0
Input,XXX,1,strain.375,96,1,0
Input,XXX,1,strain.376,96,1,0
Input,XXX,1,strain.377,96,1,0
Input,XXX,1,strain.378,96,1,0
Input,XXX,1,strain.379,96,1,0
Input,XXX,1,strain.38,96,1,0
Input,XXX,1,strain.380,96,1,0
Input,XXX,1,strain.381,96,1,0
Input,XXX,1,strain.382,96,1,0
Input,XXX,1,strain.383,96,1,1
Input,XXX,1,strain.384,96,1,0
Input,XXX,1,strain.385,96,1,0
Input,XXX,1,strain.386,96,1,0
Input,XXX,1,strain.387,96,1,0
Input,XXX,1,strain.388,96,1,0
Input,XXX,1,strain.389,96,1,0
Input,XXX,1,strain.39,96,1,0
Input,XXX,1,strain.390,96,1,0
Input,XXX,1,strain.391,96,1,0
Input,XXX,1,strain.392,96,1,0
Input,XXX,1,strain.393,96,1,1
Input,XXX,1,strain.394,96,1,0
Input,XXX,1,strain.395,96,1,0
Input,XXX,1,strain.396,96,1,0
Input,XXX,1,strain.397,96,1,0
Input,XXX,1,strain.398,96,1,0
Input,XXX,1,strain.399,96,1,0
Input,XXX,1,strain.4,96,1,0
Input,XXX,1,strain.40,96,1,0
Input,XXX,1,strain.400,96,1,0
Input,XXX,1,strain.401,96,1,0
Input,XXX,1,strain.402,96,1,0
Input,XXX,1,strain.403,96,1,0
Input,XXX,1,strain.404,96,1,0
Input,XXX,1,strain.405,96,1,0
Input,XXX,1,strain.406,96,1,0
Input,XXX,1,strain.407,96,1,0
Input,XXX,1,strain.408,96,1,0
Input,XXX,1,strain.409,96,1,0
Input,XXX,1,strain.41,96,1,0
Input,XXX,1,strain.410,96,1,0
Input,XXX,1,strain.411,96,1,0
Input,XXX,1,strain.412,96,1,0
Input,XXX,1,strain.413,96,1,0
Input,XXX,1,strain.414,96,1,0
Input,XXX,1,strain.415,96,1,0
Input,XXX,1,strain.416,96,1,2
Input,XXX,1,strain.417,96,1,0
Input,XXX,1,strain.418,96,1,3
Input,XXX,1,strain.419,96,1,0
Input,XXX,1,strain.42,96,1,0
Input,XXX,1,strain.420,96,1,0
Input,XXX,1,strain.421,96,1,0
Input,XXX,1,strain.422,96,1,0
Input,XXX,1,strain.423,96,1,0
Input,XXX,1,strain.424,96,1,1
Input,XXX,1,strain.425,96,1,0
Input,XXX,1,strain.426,96,1,0
Input,XXX,1,strain.427,96,1,0
Input,XXX,1,strain.428,96,1,0
Input,XXX,1,strain.429,96,1,0
Input,XXX,1,strain.43,96,1,0
Input,XXX,1,strain.430,96,1,3
Input,XXX,1,strain.431,96,1,0
Input,XXX,1,strain.432,96,1,0
Input,XXX,1,strain.433,96,1,0
Input,XXX,1,strain.434,96,1,0
Input,XXX,1,strain.435,96,1,0
Input,XXX,1,strain.436,96,1,0
Input,XXX,1,strain.437,96,1,0
Input,XXX,1,strain.44,96,1,1
Input,XXX,1,strain.45,96,1,0
Input,XXX,1,strain.46,96,1,0
Input,XXX,1,strain.47,96,1,0
Input,XXX,1,strain.48,96,1,0
Input,XXX,1,strain.49,96,1,0
Input,XXX,1,strain.5,96,1,0
Input,XXX,1,strain.50,96,1,0
Input,XXX,1,strain.51,96,1,0
Input,XXX,1,strain.52,96,1,0
Input,XXX,1,strain.53,96,1,0
Input,XXX,1,strain.54,96,1,0
Input,XXX,1,strain.55,96,1,0
Input,XXX,1,strain.56,96,1,0
Input,XXX,1,strain.57,96,1,0
Input,XXX,1,strain.58,96,1,0
Input,XXX,1,strain.59,96,1,0
Input,XXX,1,strain.6,96,1,0
Input,XXX,1,strain.60,96,1,0
Input,XXX,1,strain.61,96,1,0
Input,XXX,1,strain.62,96,1,0
Input,XXX,1,strain.63,96,1,0
Input,XXX,1,strain.64,96,1,0
Input,XXX,1,strain.65,96,1,0
Input,XXX,1,strain.66,96,1,1
Input,XXX,1,strain.67,96,1,0
Input,XXX,1,strain.68,96,1,0
Input,XXX,1,strain.69,96,1,0
Input,XXX,1,strain.7,96,1,0
Input,XXX,1,strain.70,96,1,0
Input,XXX,1,strain.71,96,1,0
Input,XXX,1,strain.72,96,1,0
Input,XXX,1,strain.73,96,1,0
Input,XXX,1,strain.74,96,1,0
Input,XXX,1,strain.75,96,1,0
Input,XXX,1,strain.76,96,1,0
Input,XXX,1,strain.77,96,1,0
Input,XXX,1,strain.78,96,1,0
Input,XXX,1,strain.79,96,1,0
Input,XXX,1,strain.8,96,1,0
Input,XXX,1,strain.80,96,1,0
Input,XXX,1,strain.81,96,1,0
Input,XXX,1,strain.82,96,1,0
Input,XXX,1,strain.83,96,1,0
Input,XXX,1,strain.84,96,1,0
Input,XXX,1,strain.85,96,1,0
Input,XXX,1,strain.86,96,1,0
Input,XXX,1,strain.87,96,1,0
Input,XXX,1,strain.88,96,1,0
Input,XXX,1,strain.89,96,1,0
Input,XXX,1,strain.9,96,1,0
Input,XXX,1,strain.90,96,1,0
Input,XXX,1,strain.91,96,1,0
Input,XXX,1,strain.92,96,1,0
Input,XXX,1,strain.93,96,1,0
Input,XXX,1,strain.94,96,1,0
Input,XXX,1,strain.95,96,1,0
Input,XXX,1,strain.96,96,1,0
Input,XXX,1,strain.97,96,1,0
Input,XXX,1,strain.98,96,1,0
Input,XXX,1,strain.99,96,1,0
Input,XXX,2,strain.0,96,2,459
Input,XXX,2,strain.1,96,2,269
Input,XXX,2,strain.10,96,2,1279
Input,XXX,2,strain.100,96,2,665
Input,XXX,2,strain.101,96,2,2305
Input,XXX,2,strain.102,96,2,275
Input,XXX,2,strain.103,96,2,434
Input,XXX,2,strain.104,96,2,32
Input,XXX,2,strain.105,96,2,341
Input,XXX,2,strain.106,96,2,519
Input,XXX,2,strain.107,96,2,485
Input,XXX,2,strain.108,96,2,53
Input,XXX,2,strain.109,96,2,1317
Input,XXX,2,strain.11,96,2,463
Input,XXX,2,strain.110,96,2,4012
Input,XXX,2,strain.111,96,2,1485
Input,XXX,2,strain.112,96,2,0
Input,XXX,2,strain.113,96,2,0
Input,XXX,2,strain.114,96,2,459
Input,XXX,2,strain.115,96,2,310
Input,XXX,2,strain.116,96,2,280
Input,XXX,2,strain.117,96,2,505
Input,XXX,2,strain.118,96,2,206
Input,XXX,2,strain.119,96,2,899
Input,XXX,2,strain.12,96,2,977
Input,XXX,2,strain.120,96,2,842
Input,XXX,2,strain.121,96,2,278
Input,XXX,2,strain.122,96,2,575
Input,XXX,2,strain.123,96,2,212
Input,XXX,2,strain.124,96,2,621
Input,XXX,2,strain.125,96,2,525
Input,XXX,2,strain.126,96,2,72
Input,XXX,2,strain.127,96,2,329
Input,XXX,2,strain.128,96,2,109
Input,XXX,2,strain.129,96,2,305
Input,XXX,2,strain.13,96,2,538
Input,XXX,2,strain.130,96,2,932
Input,XXX,2,strain.131,96,2,493
Input,XXX,2,strain.132,96,2,633
Input,XXX,2,strain.133,96,2,411
Input,XXX,2,strain.134,96,2,449
Input,XXX,2,strain.135,96,2,830
Input,XXX,2,strain.136,96,2,501
Input,XXX,2,strain.137,96,2,293
Input,XXX,2,strain.138,96,2,366
Input,XXX,2,strain.139,96,2,508
Input,XXX,2,strain.14,96,2,450
Input,XXX,2,strain.140,96,2,374
Input,XXX,2,strain.141,96,2,374
Input,XXX,2,strain.142,96,2,196
Input,XXX,2,strain.143,96,2,259
Input,XXX,2,strain.144,96,2,332
Input,XXX,2,strain.145,96,2,419
Input,XXX,2,strain.146,96,2,814
Input,XXX,2,strain.147,96,2,733
Input,XXX,2,strain.148,96,2,1480
Input,XXX,2,strain.149,96,2,755
Input,XXX,2,strain.15,96,2,249
Input,XXX,2,strain.150,96,2,1527
Input,XXX,2,strain.151,96,2,1001
Input,XXX,2,strain.152,96,2,687
Input,XXX,2,strain.153,96,2,471
Input,XXX,2,strain.154,96,2,470
Input,XXX,2,strain.155,96,2,926
Input,XXX,2,strain.156,96,2,987
Input,XXX,2,strain.157,96,2,647
Input,XXX,2,strain.158,96,2,1048
Input,XXX,2,strain.159,96,2,486
Input,XXX,2,strain.16,96,2,422
Input,XXX,2,strain.160,96,2,274
Input,XXX,2,strain.161,96,2,792
Input,XXX,2,strain.162,96,2,523
Input,XXX,2,strain.163,96,2,765
Input,XXX,2,strain.164,96,2,1614
Input,XXX,2,strain.165,96,2,620
Input,XXX,2,strain.166,96,2,1747
Input,XXX,2,strain.167,96,2,569
Input,XXX,2,strain.168,96,2,593
Input,XXX,2,strain.169,96,2,1108
Input,XXX,2,strain.17,96,2,267
Input,XXX,2,strain.170,96,2,281
Input,XXX,2,strain.171,96,2,437
Input,XXX,2,strain.172,96,2,480
Input,XXX,2,strain.173,96,2,196
Input,XXX,2,strain.174,96,2,305
Input,XXX,2,strain.175,96,2,226
Input,XXX,2,strain.176,96,2,693
Input,XXX,2,strain.177,96,2,304
Input,XXX,2,strain.178,96,2,545
Input,XXX,2,strain.179,96,2,103
Input,XXX,2,strain.18,96,2,840
Input,XXX,2,strain.180,96,2,280
Input,XXX,2,strain.181,96,2,784
Input,XXX,2,strain.182,96,2,367
Input,XXX,2,strain.183,96,2,343
Input,XXX,2,strain.184,96,2,47648
Input,XXX,2,strain.185,96,2,801
Input,XXX,2,strain.186,96,2,940
Input,XXX,2,strain.187,96,2,43
Input,XXX,2,strain.188,96,2,239
Input,XXX,2,strain.189,96,2,443
Input,XXX,2,strain.19,96,2,301
Input,XXX,2,strain.190,96,2,424
Input,XXX,2,strain.191,96,2,180
Input,XXX,2,strain.192,96,2,889
Input,XXX,2,strain.193,96,2,300
Input,XXX,2,strain.194,96,2,621
Input,XXX,2,strain.195,96,2,307
Input,XXX,2,strain.196,96,2,1
Input,XXX,2,strain.197,96,2,35
Input,XXX,2,strain.198,96,2,1948
Input,XXX,2,strain.199,96,2,292
Input,XXX,2,strain.2,96,2,628
Input,XXX,2,strain.20,96,2,185
Input,XXX,2,strain.200,96,2,189
Input,XXX,2,strain.201,96,2,719
Input,XXX,2,strain.202,96,2,370
Input,XXX,2,strain.203,96,2,322
Input,XXX,2,strain.204,96,2,549
Input,XXX,2,strain.205,96,2,449
Input,XXX,2,strain.206,96,2,305
Input,XXX,2,strain.207,96,2,193
Input,XXX,2,strain.208,96,2,387
Input,XXX,2,strain.209,96,2,468
Input,XXX,2,strain.21,96,2,1294
Input,XXX,2,strain.210,96,2,493
Input,XXX,2,strain.211,96,2,388
Input,XXX,2,strain.212,96,2,868
Input,XXX,2,strain.213,96,2,339
Input,XXX,2,strain.214,96,2,488
Input,XXX,2,strain.215,96,2,617
Input,XXX,2,strain.216,96,2,518
Input,XXX,2,strain.217,96,2,158
Input,XXX,2,strain.218,96,2,345
Input,XXX,2,strain.219,96,2,451
Input,XXX,2,strain.22,96,2,166
Input,XXX,2,strain.220,96,2,394
Input,XXX,2,strain.221,96,2,336
Input,XXX,2,strain.222,96,2,423
Input,XXX,2,strain.223,96,2,964
Input,XXX,2,strain.224,96,2,526
Input,XXX,2,strain.225,96,2,675
Input,XXX,2,strain.226,96,2,470
Input,XXX,2,strain.227,96,2,418
Input,XXX,2,strain.228,96,2,548
Input,XXX,2,strain.229,96,2,488
Input,XXX,2,strain.23,96,2,519
Input,XXX,2,strain.230,96,2,0
Input,XXX,2,strain.231,96,2,141
Input,XXX,2,strain.232,96,2,523
Input,XXX,2,strain.233,96,2,12122
Input,XXX,2,strain.234,96,2,282
Input,XXX,2,strain.235,96,2,528
Input,XXX,2,strain.236,96,2,389
Input,XXX,2,strain.237,96,2,468
Input,XXX,2,strain.238,96,2,239
Input,XXX,2,strain.239,96,2,63
Input,XXX,2,strain.24,96,2,409
Input,XXX,2,strain.240,96,2,23317
Input,XXX,2,strain.241,96,2,102
Input,XXX,2,strain.242,96,2,538
Input,XXX,2,strain.243,96,2,176
Input,XXX,2,strain.244,96,2,516
Input,XXX,2,strain.245,96,2,313
Input,XXX,2,strain.246,96,2,322
Input,XXX,2,strain.247,96,2,567
Input,XXX,2,strain.248,96,2,748
Input,XXX,2,strain.249,96,2,300
Input,XXX,2,strain.25,96,2,326
Input,XXX,2,strain.250,96,2,595
Input,XXX,2,strain.251,96,2,690
Input,XXX,2,strain.252,96,2,738
Input,XXX,2,strain.253,96,2,166
Input,XXX,2,strain.254,96,2,3550
Input,XXX,2,strain.255,96,2,1011
Input,XXX,2,strain.256,96,2,781
Input,XXX,2,strain.257,96,2,693
Input,XXX,2,strain.258,96,2,302
Input,XXX,2,strain.259,96,2,263
Input,XXX,2,strain.26,96,2,58
Input,XXX,2,strain.260,96,2,470
Input,XXX,2,strain.261,96,2,841
Input,XXX,2,strain.262,96,2,128
Input,XXX,2,strain.263,96,2,479
Input,XXX,2,strain.264,96,2,449
Input,XXX,2,strain.265,96,2,0
Input,XXX,2,strain.266,96,2,797
Input,XXX,2,strain.267,96,2,66
Input,XXX,2,strain.268,96,2,554
Input,XXX,2,strain.269,96,2,230
Input,XXX,2,strain.27,96,2,1209
Input,XXX,2,strain.270,96,2,338
Input,XXX,2,strain.271,96,2,430
Input,XXX,2,strain.272,96,2,339
Input,XXX,2,strain.273,96,2,1234
Input,XXX,2,strain.274,96,2,461
Input,XXX,2,strain.275,96,2,110
Input,XXX,2,strain.276,96,2,29
Input,XXX,2,strain.277,96,2,0
Input,XXX,2,strain.278,96,2,898
Input,XXX,2,strain.279,96,2,597
Input,XXX,2,strain.28,96,2,778
Input,XXX,2,strain.280,96,2,784
Input,XXX,2,strain.281,96,2,345
Input,XXX,2,strain.282,96,2,308
Input,XXX,2,strain.283,96,2,400
Input,XXX,2,strain.284,96,2,927
Input,XXX,2,strain.285,96,2,549
Input,XXX,2,strain.286,96,2,506
Input,XXX,2,strain.287,96,2,349
Input,XXX,2,strain.288,96,2,400
Input,XXX,2,strain.289,96,2,420
Input,XXX,2,strain.29,96,2,358
Input,XXX,2,strain.290,96,2,334
Input,XXX,2,strain.291,96,2,422
Input,XXX,2,strain.292,96,2,334
Input,XXX,2,strain.293,96,2,54
Input,XXX,2,strain.294,96,2,83
Input,XXX,2,strain.295,96,2,66
Input,XXX,2,strain.296,96,2,316
Input,XXX,2,strain.297,96,2,559
Input,XXX,2,strain.298,96,2,365
Input,XXX,2,strain.299,96,2,459
Input,XXX,2,strain.3,96,2,321
Input,XXX,2,strain.30,96,2,766
Input,XXX,2,strain.300,96,2,611
Input,XXX,2,strain.301,96,2,398
Input,XXX,2,strain.302,96,2,385
Input,XXX,2,strain.303,96,2,1916
Input,XXX,2,strain.304,96,2,712
Input,XXX,2,strain.305,96,2,797
Input,XXX,2,strain.306,96,2,873
Input,XXX,2,strain.307,96,2,545
Input,XXX,2,strain.308,96,2,189
Input,XXX,2,strain.309,96,2,453
Input,XXX,2,strain.31,96,2,571
Input,XXX,2,strain.310,96,2,427
Input,XXX,2,strain.311,96,2,313
Input,XXX,2,strain.312,96,2,711
Input,XXX,2,strain.313,96,2,230
Input,XXX,2,strain.314,96,2,455
Input,XXX,2,strain.315,96,2,2547
Input,XXX,2,strain.316,96,2,452
Input,XXX,2,strain.317,96,2,112
Input,XXX,2,strain.318,96,2,495
Input,XXX,2,strain.319,96,2,1740
Input,XXX,2,strain.32,96,2,388
Input,XXX,2,strain.320,96,2,233
Input,XXX,2,strain.321,96,2,410
Input,XXX,2,strain.322,96,2,337
Input,XXX,2,strain.323,96,2,130
Input,XXX,2,strain.324,96,2,428
Input,XXX,2,strain.325,96,2,713
Input,XXX,2,strain.326,96,2,712
Input,XXX,2,strain.327,96,2,274
Input,XXX,2,strain.328,96,2,530
Input,XXX,2,strain.329,96,2,58
Input,XXX,2,strain.33,96,2,644
Input,XXX,2,strain.330,96,2,473
Input,XXX,2,strain.331,96,2,242
Input,XXX,2,strain.332,96,2,391
Input,XXX,2,strain.333,96,2,602
Input,XXX,2,strain.334,96,2,165
Input,XXX,2,strain.335,96,2,650
Input,XXX,2,strain.336,96,2,701
Input,XXX,2,strain.337,96,2,639
Input,XXX,2,strain.338,96,2,684
Input,XXX,2,strain.339,96,2,758
Input,XXX,2,strain.34,96,2,524
Input,XXX,2,strain.340,96,2,732
Input,XXX,2,strain.341,96,2,154
Input,XXX,2,strain.342,96,2,376
Input,XXX,2,strain.343,96,2,430
Input,XXX,2,strain.344,96,2,577
Input,XXX,2,strain.345,96,2,283
Input,XXX,2,strain.346,96,2,607
Input,XXX,2,strain.347,96,2,300
Input,XXX,2,strain.348,96,2,758
Input,XXX,2,strain.349,96,2,153
Input,XXX,2,strain.35,96,2,463
Input,XXX,2,strain.350,96,2,777
Input,XXX,2,strain.351,96,2,1053
Input,XXX,2,strain.352,96,2,279
Input,XXX,2,strain.353,96,2,609
Input,XXX,2,strain.354,96,2,540
Input,XXX,2,strain.355,96,2,221
Input,XXX,2,strain.356,96,2,817
Input,XXX,2,strain.357,96,2,510
Input,XXX,2,strain.358,96,2,81
Input,XXX,2,strain.359,96,2,63
Input,XXX,2,strain.36,96,2,23
Input,XXX,2,strain.360,96,2,560
Input,XXX,2,strain.361,96,2,461
Input,XXX,2,strain.362,96,2,325
Input,XXX,2,strain.363,96,2,560
Input,XXX,2,strain.364,96,2,320
Input,XXX,2,strain.365,96,2,361
Input,XXX,2,strain.366,96,2,858
Input,XXX,2,strain.367,96,2,232
Input,XXX,2,strain.368,96,2,1266
Input,XXX,2,strain.369,96,2,1092
Input,XXX,2,strain.37,96,2,219
Input,XXX,2,strain.370,96,2,507
Input,XXX,2,strain.371,96,2,263
Input,XXX,2,strain.372,96,2,296
Input,XXX,2,strain.373,96,2,447
Input,XXX,2,strain.374,96,2,521
Input,XXX,2,strain.375,96,2,593
Input,XXX,2,strain.376,96,2,366
Input,XXX,2,strain.377,96,2,537
Input,XXX,2,strain.378,96,2,380
Input,XXX,2,strain.379,96,2,230
Input,XXX,2,strain.38,96,2,1096
Input,XXX,2,strain.380,96,2,335
Input,XXX,2,strain.381,96,2,2368
Input,XXX,2,strain.382,96,2,268
Input,XXX,2,strain.383,96,2,830
Input,XXX,2,strain.384,96,2,1882
Input,XXX,2,strain.385,96,2,214
Input,XXX,2,strain.386,96,2,317
Input,XXX,2,strain.387,96,2,586
Input,XXX,2,strain.388,96,2,0
Input,XXX,2,strain.389,96,2,742
Input,XXX,2,strain.39,96,2,569
Input,XXX,2,strain.390,96,2,795
Input,XXX,2,strain.391,96,2,183
Input,XXX,2,strain.392,96,2,683
Input,XXX,2,strain.393,96,2,617
Input,XXX,2,strain.394,96,2,19
Input,XXX,2,strain.395,96,2,56
Input,XXX,2,strain.396,96,2,131
Input,XXX,2,strain.397,96,2,2071
Input,XXX,2,strain.398,96,2,479
Input,XXX,2,strain.399,96,2,273
Input,XXX,2,strain.4,96,2,552
Input,XXX,2,strain.40,96,2,1189
Input,XXX,2,strain.400,96,2,238
Input,XXX,2,strain.401,96,2,358
Input,XXX,2,strain.402,96,2,514
Input,XXX,2,strain.403,96,2,347
Input,XXX,2,strain.404,96,2,259
Input,XXX,2,strain.405,96,2,1274
Input,XXX,2,strain.406,96,2,743
Input,XXX,2,strain.407,96,2,638
Input,XXX,2,strain.408,96,2,46
Input,XXX,2,strain.409,96,2,0
Input,XXX,2,strain.41,96,2,474
Input,XXX,2,strain.410,96,2,0
Input,XXX,2,strain.411,96,2,0
Input,XXX,2,strain.412,96,2,0
Input,XXX,2,strain.413,96,2,6
Input,XXX,2,strain.414,96,2,1108
Input,XXX,2,strain.415,96,2,737
Input,XXX,2,strain.416,96,2,7014
Input,XXX,2,strain.417,96,2,1
Input,XXX,2,strain.418,96,2,25836
Input,XXX,2,strain.419,96,2,63
Input,XXX,2,strain.42,96,2,746
Input,XXX,2,strain.420,96,2,799
Input,XXX,2,strain.421,96,2,0
Input,XXX,2,strain.422,96,2,0
Input,XXX,2,strain.423,96,2,12416
Input,XXX,2,strain.424,96,2,24225
Input,XXX,2,strain.425,96,2,1251
Input,XXX,2,strain.426,96,2,850
Input,XXX,2,strain.427,96,2,1726
Input,XXX,2,strain.428,96,2,3235
Input,XXX,2,strain.429,96,2,0
Input,XXX,2,strain.43,96,2,352
Input,XXX,2,strain.430,96,2,15439
Input,XXX,2,strain.431,96,2,851
Input,XXX,2,strain.432,96,2,294
Input,XXX,2,strain.433,96,2,184
Input,XXX,2,strain.434,96,2,0
Input,XXX,2,strain.435,96,2,0
Input,XXX,2,strain.436,96,2,289
Input,XXX,2,strain.437,96,2,4763
Input,XXX,2,strain.44,96,2,4847
Input,XXX,2,strain.45,96,2,652
Input,XXX,2,strain.46,96,2,643
Input,XXX,2,strain.47,96,2,372
Input,XXX,2,strain.48,96,2,263
Input,XXX,2,strain.49,96,2,411
Input,XXX,2,strain.5,96,2,619
Input,XXX,2,strain.50,96,2,711
Input,XXX,2,strain.51,96,2,393
Input,XXX,2,strain.52,96,2,311
Input,XXX,2,strain.53,96,2,1297
Input,XXX,2,strain.54,96,2,339
Input,XXX,2,strain.55,96,2,257
Input,XXX,2,strain.56,96,2,569
Input,XXX,2,strain.57,96,2,1009
Input,XXX,2,strain.58,96,2,103
Input,XXX,2,strain.59,96,2,981
Input,XXX,2,strain.6,96,2,558
Input,XXX,2,strain.60,96,2,721
Input,XXX,2,strain.61,96,2,1941
Input,XXX,2,strain.62,96,2,409
Input,XXX,2,strain.63,96,2,358
Input,XXX,2,strain.64,96,2,50
Input,XXX,2,strain.65,96,2,1157
Input,XXX,2,strain.66,96,2,832
Input,XXX,2,strain.67,96,2,218
Input,XXX,2,strain.68,96,2,2088
Input,XXX,2,strain.69,96,2,211
Input,XXX,2,strain.7,96,2,380
Input,XXX,2,strain.70,96,2,301
Input,XXX,2,strain.71,96,2,149
Input,XXX,2,strain.72,96,2,116
Input,XXX,2,strain.73,96,2,237
Input,XXX,2,strain.74,96,2,612
Input,XXX,2,strain.75,96,2,230
Input,XXX,2,strain.76,96,2,508
Input,XXX,2,strain.77,96,2,497
Input,XXX,2,strain.78,96,2,374
Input,XXX,2,strain.79,96,2,192
Input,XXX,2,strain.8,96,2,806
Input,XXX,2,strain.80,96,2,241
Input,XXX,2,strain.81,96,2,459
Input,XXX,2,strain.82,96,2,716
Input,XXX,2,strain.83,96,2,207
Input,XXX,2,strain.84,96,2,906
Input,XXX,2,strain.85,96,2,754
Input,XXX,2,strain.86,96,2,171
Input,XXX,2,strain.87,96,2,840
Input,XXX,2,strain.88,96,2,158
Input,XXX,2,strain.89,96,2,229
Input,XXX,2,strain.9,96,2,474
Input,XXX,2,strain.90,96,2,1052
Input,XXX,2,strain.91,96,2,1003
Input,XXX,2,strain.92,96,2,554
Input,XXX,2,strain.93,96,2,262
Input,XXX,2,strain.94,96,2,326
Input,XXX,2,strain.95,96,2,519
Input,XXX,2,strain.96,96,2,993
Input,XXX,2,strain.97,96,2,144
Input,XXX,2,strain.98,96,2,343
Input,XXX,2,strain.99,96,2,171
Input,XXX,3,strain.0,96,3,610
Input,XXX,3,strain.1,96,3,431
Input,XXX,3,strain.10,96,3,2086
Input,XXX,3,strain.100,96,3,893
Input,XXX,3,strain.101,96,3,3340
Input,XXX,3,strain.102,96,3,417
Input,XXX,3,strain.103,96,3,590
Input,XXX,3,strain.104,96,3,16
Input,XXX,3,strain.105,96,3,597
Input,XXX,3,strain.106,96,3,586
Input,XXX,3,strain.107,96,3,803
Input,XXX,3,strain.108,96,3,54
Input,XXX,3,strain.109,96,3,1856
Input,XXX,3,strain.11,96,3,569
Input,XXX,3,strain.110,96,3,5376
Input,XXX,3,strain.111,96,3,2057
Input,XXX,3,strain.112,96,3,0
Input,XXX,3,strain.113,96,3,0
Input,XXX,3,strain.114,96,3,819
Input,XXX,3,strain.115,96,3,408
Input,XXX,3,strain.116,96,3,311
Input,XXX,3,strain.117,96,3,838
Input,XXX,3,strain.118,96,3,223
Input,XXX,3,strain.119,96,3,1162
Input,XXX,3,strain.12,96,3,1214
Input,XXX,3,strain.120,96,3,1000
Input,XXX,3,strain.121,96,3,188
Input,XXX,3,strain.122,96,3,647
Input,XXX,3,strain.123,96,3,271
Input,XXX,3,strain.124,96,3,813
Input,XXX,3,strain.125,96,3,833
Input,XXX,3,strain.126,96,3,153
Input,XXX,3,strain.127,96,3,258
Input,XXX,3,strain.128,96,3,148
Input,XXX,3,strain.129,96,3,522
Input,XXX,3,strain.13,96,3,992
Input,XXX,3,strain.130,96,3,1457
Input,XXX,3,strain.131,96,3,690
Input,XXX,3,strain.132,96,3,997
Input,XXX,3,strain.133,96,3,547
Input,XXX,3,strain.134,96,3,876
Input,XXX,3,strain.135,96,3,937
Input,XXX,3,strain.136,96,3,754
Input,XXX,3,strain.137,96,3,363
Input,XXX,3,strain.138,96,3,597
Input,XXX,3,strain.139,96,3,640
Input,XXX,3,strain.14,96,3,599
Input,XXX,3,strain.140,96,3,480
Input,XXX,3,strain.141,96,3,514
Input,XXX,3,strain.142,96,3,323
Input,XXX,3,strain.143,96,3,450
Input,XXX,3,strain.144,96,3,580
Input,XXX,3,strain.145,96,3,507
Input,XXX,3,strain.146,96,3,1012
Input,XXX,3,strain.147,96,3,929
Input,XXX,3,strain.148,96,3,2085
Input,XXX,3,strain.149,96,3,1022
Input,XXX,3,strain.15,96,3,322
Input,XXX,3,strain.150,96,3,2460
Input,XXX,3,strain.151,96,3,1271
Input,XXX,3,strain.152,96,3,1189
Input,XXX,3,strain.153,96,3,681
Input,XXX,3,strain.154,96,3,541
Input,XXX,3,strain.155,96,3,1524
Input,XXX,3,strain.156,96,3,1488
Input,XXX,3,strain.157,96,3,816
Input,XXX,3,strain.158,96,3,1334
Input,XXX,3,strain.159,96,3,732
Input,XXX,3,strain.16,96,3,506
Input,XXX,3,strain.160,96,3,441
Input,XXX,3,strain.161,96,3,1286
Input,XXX,3,strain.162,96,3,784
Input,XXX,3,strain.163,96,3,1145
Input,XXX,3,strain.164,96,3,2287
Input,XXX,3,strain.165,96,3,1445
Input,XXX,3,strain.166,96,3,2677
Input,XXX,3,strain.167,96,3,795
Input,XXX,3,strain.168,96,3,1013
Input,XXX,3,strain.169,96,3,1230
Input,XXX,3,strain.17,96,3,607
Input,XXX,3,strain.170,96,3,422
Input,XXX,3,strain.171,96,3,642
Input,XXX,3,strain.172,96,3,531
Input,XXX,3,strain.173,96,3,228
Input,XXX,3,strain.174,96,3,479
Input,XXX,3,strain.175,96,3,535
Input,XXX,3,strain.176,96,3,1222
Input,XXX,3,strain.177,96,3,384
Input,XXX,3,strain.178,96,3,853
Input,XXX,3,strain.179,96,3,158
Input,XXX,3,strain.18,96,3,1271
Input,XXX,3,strain.180,96,3,503
Input,XXX,3,strain.181,96,3,894
Input,XXX,3,strain.182,96,3,519
Input,XXX,3,strain.183,96,3,455
Input,XXX,3,strain.184,96,3,64303
Input,XXX,3,strain.185,96,3,1052
Input,XXX,3,strain.186,96,3,1320
Input,XXX,3,strain.187,96,3,84
Input,XXX,3,strain.188,96,3,328
Input,XXX,3,strain.189,96,3,710
Input,XXX,3,strain.19,96,3,421
Input,XXX,3,strain.190,96,3,535
Input,XXX,3,strain.191,96,3,278
Input,XXX,3,strain.192,96,3,1314
Input,XXX,3,strain.193,96,3,367
Input,XXX,3,strain.194,96,3,894
Input,XXX,3,strain.195,96,3,577
Input,XXX,3,strain.196,96,3,0
Input,XXX,3,strain.197,96,3,71
Input,XXX,3,strain.198,96,3,2939
Input,XXX,3,strain.199,96,3,365
Input,XXX,3,strain.2,96,3,861
Input,XXX,3,strain.20,96,3,270
Input,XXX,3,strain.200,96,3,314
Input,XXX,3,strain.201,96,3,928
Input,XXX,3,strain.202,96,3,649
Input,XXX,3,strain.203,96,3,495
Input,XXX,3,strain.204,96,3,801
Input,XXX,3,strain.205,96,3,723
Input,XXX,3,strain.206,96,3,453
Input,XXX,3,strain.207,96,3,189
Input,XXX,3,strain.208,96,3,629
Input,XXX,3,strain.209,96,3,497
Input,XXX,3,strain.21,96,3,1417
Input,XXX,3,strain.210,96,3,671
Input,XXX,3,strain.211,96,3,818
Input,XXX,3,strain.212,96,3,1370
Input,XXX,3,strain.213,96,3,452
Input,XXX,3,strain.214,96,3,821
Input,XXX,3,strain.215,96,3,846
Input,XXX,3,strain.216,96,3,796
Input,XXX,3,strain.217,96,3,319
Input,XXX,3,strain.218,96,3,479
Input,XXX,3,strain.219,96,3,616
Input,XXX,3,strain.22,96,3,204
Input,XXX,3,strain.220,96,3,657
Input,XXX,3,strain.221,96,3,577
Input,XXX,3,strain.222,96,3,700
Input,XXX,3,strain.223,96,3,1483
Input,XXX,3,strain.224,96,3,576
Input,XXX,3,strain.225,96,3,906
Input,XXX,3,strain.226,96,3,589
Input,XXX,3,strain.227,96,3,570
Input,XXX,3,strain.228,96,3,955
Input,XXX,3,strain.229,96,3,666
Input,XXX,3,strain.23,96,3,795
Input,XXX,3,strain.230,96,3,0
Input,XXX,3,strain.231,96,3,217
Input,XXX,3,strain.232,96,3,1184
Input,XXX,3,strain.233,96,3,21871
Input,XXX,3,strain.234,96,3,523
Input,XXX,3,strain.235,96,3,810
Input,XXX,3,strain.236,96,3,785
Input,XXX,3,strain.237,96,3,724
Input,XXX,3,strain.238,96,3,488
Input,XXX,3,strain.239,96,3,122
Input,XXX,3,strain.24,96,3,637
Input,XXX,3,strain.240,96,3,32889
Input,XXX,3,strain.241,96,3,176
Input,XXX,3,strain.242,96,3,752
Input,XXX,3,strain.243,96,3,227
Input,XXX,3,strain.244,96,3,884
Input,XXX,3,strain.245,96,3,462
Input,XXX,3,strain.246,96,3,535
Input,XXX,3,strain.247,96,3,1012
Input,XXX,3,strain.248,96,3,1226
Input,XXX,3,strain.249,96,3,523
Input,XXX,3,strain.25,96,3,526
Input,XXX,3,strain.250,96,3,704
Input,XXX,3,strain.251,96,3,1120
Input,XXX,3,strain.252,96,3,901
Input,XXX,3,strain.253,96,3,270
Input,XXX,3,strain.254,96,3,4738
Input,XXX,3,strain.255,96,3,1330
Input,XXX,3,strain.256,96,3,1117
Input,XXX,3,strain.257,96,3,1066
Input,XXX,3,strain.258,96,3,448
Input,XXX,3,strain.259,96,3,365
Input,XXX,3,strain.26,96,3,105
Input,XXX,3,strain.260,96,3,708
Input,XXX,3,strain.261,96,3,836
Input,XXX,3,strain.262,96,3,191
Input,XXX,3,strain.263,96,3,665
Input,XXX,3,strain.264,96,3,644
Input,XXX,3,strain.265,96,3,0
Input,XXX,3,strain.266,96,3,1193
Input,XXX,3,strain.267,96,3,114
Input,XXX,3,strain.268,96,3,1347
Input,XXX,3,strain.269,96,3,209
Input,XXX,3,strain.27,96,3,1388
Input,XXX,3,strain.270,96,3,548
Input,XXX,3,strain.271,96,3,1026
Input,XXX,3,strain.272,96,3,557
Input,XXX,3,strain.273,96,3,1686
Input,XXX,3,strain.274,96,3,872
Input,XXX,3,strain.275,96,3,221
Input,XXX,3,strain.276,96,3,65
Input,XXX,3,strain.277,96,3,0
Input,XXX,3,strain.278,96,3,1178
Input,XXX,3,strain.279,96,3,788
Input,XXX,3,strain.28,96,3,794
Input,XXX,3,strain.280,96,3,957
Input,XXX,3,strain.281,96,3,422
Input,XXX,3,strain.282,96,3,546
Input,XXX,3,strain.283,96,3,697
Input,XXX,3,strain.284,96,3,1271
Input,XXX,3,strain.285,96,3,823
Input,XXX,3,strain.286,96,3,725
Input,XXX,3,strain.287,96,3,660
Input,XXX,3,strain.288,96,3,588
Input,XXX,3,strain.289,96,3,597
Input,XXX,3,strain.29,96,3,547
Input,XXX,3,strain.290,96,3,607
Input,XXX,3,strain.291,96,3,611
Input,XXX,3,strain.292,96,3,385
Input,XXX,3,strain.293,96,3,89
Input,XXX,3,strain.294,96,3,75
Input,XXX,3,strain.295,96,3,127
Input,XXX,3,strain.296,96,3,469
Input,XXX,3,strain.297,96,3,816
Input,XXX,3,strain.298,96,3,517
Input,XXX,3,strain.299,96,3,663
Input,XXX,3,strain.3,96,3,431
Input,XXX,3,strain.30,96,3,985
Input,XXX,3,strain.300,96,3,702
Input,XXX,3,strain.301,96,3,728
Input,XXX,3,strain.302,96,3,509
Input,XXX,3,strain.303,96,3,3185
Input,XXX,3,strain.304,96,3,724
Input,XXX,3,strain.305,96,3,1393
Input,XXX,3,strain.306,96,3,1133
Input,XXX,3,strain.307,96,3,571
Input,XXX,3,strain.308,96,3,433
Input,XXX,3,strain.309,96,3,675
Input,XXX,3,strain.31,96,3,678
Input,XXX,3,strain.310,96,3,511
Input,XXX,3,strain.311,96,3,554
Input,XXX,3,strain.312,96,3,868
Input,XXX,3,strain.313,96,3,407
Input,XXX,3,strain.314,96,3,518
Input,XXX,3,strain.315,96,3,3832
Input,XXX,3,strain.316,96,3,596
Input,XXX,3,strain.317,96,3,164
Input,XXX,3,strain.318,96,3,873
Input,XXX,3,strain.319,96,3,2297
Input,XXX,3,strain.32,96,3,592
Input,XXX,3,strain.320,96,3,239
Input,XXX,3,strain.321,96,3,786
Input,XXX,3,strain.322,96,3,376
Input,XXX,3,strain.323,96,3,294
Input,XXX,3,strain.324,96,3,589
Input,XXX,3,strain.325,96,3,940
Input,XXX,3,strain.326,96,3,1024
Input,XXX,3,strain.327,96,3,422
Input,XXX,3,strain.328,96,3,727
Input,XXX,3,strain.329,96,3,187
Input,XXX,3,strain.33,96,3,885
Input,XXX,3,strain.330,96,3,758
Input,XXX,3,strain.331,96,3,474
Input,XXX,3,strain.332,96,3,450
Input,XXX,3,strain.333,96,3,634
Input,XXX,3,strain.334,96,3,311
Input,XXX,3,strain.335,96,3,680
Input,XXX,3,strain.336,96,3,1021
Input,XXX,3,strain.337,96,3,808
Input,XXX,3,strain.338,96,3,804
Input,XXX,3,strain.339,96,3,1041
Input,XXX,3,strain.34,96,3,726
Input,XXX,3,strain.340,96,3,1316
Input,XXX,3,strain.341,96,3,237
Input,XXX,3,strain.342,96,3,524
Input,XXX,3,strain.343,96,3,817
Input,XXX,3,strain.344,96,3,503
Input,XXX,3,strain.345,96,3,438
Input,XXX,3,strain.346,96,3,929
Input,XXX,3,strain.347,96,3,415
Input,XXX,3,strain.348,96,3,1019
Input,XXX,3,strain.349,96,3,227
Input,XXX,3,strain.35,96,3,622
Input,XXX,3,strain.350,96,3,918
Input,XXX,3,strain.351,96,3,1390
Input,XXX,3,strain.352,96,3,500
Input,XXX,3,strain.353,96,3,1070
Input,XXX,3,strain.354,96,3,910
Input,XXX,3,strain.355,96,3,334
Input,XXX,3,strain.356,96,3,1094
Input,XXX,3,strain.357,96,3,625
Input,XXX,3,strain.358,96,3,169
Input,XXX,3,strain.359,96,3,66
Input,XXX,3,strain.36,96,3,29
Input,XXX,3,strain.360,96,3,793
Input,XXX,3,strain.361,96,3,556
Input,XXX,3,strain.362,96,3,460
Input,XXX,3,strain.363,96,3,758
Input,XXX,3,strain.364,96,3,431
Input,XXX,3,strain.365,96,3,567
Input,XXX,3,strain.366,96,3,1304
Input,XXX,3,strain.367,96,3,217
Input,XXX,3,strain.368,96,3,1533
Input,XXX,3,strain.369,96,3,1327
Input,XXX,3,strain.37,96,3,302
Input,XXX,3,strain.370,96,3,634
Input,XXX,3,strain.371,96,3,458
Input,XXX,3,strain.372,96,3,458
Input,XXX,3,strain.373,96,3,559
Input,XXX,3,strain.374,96,3,633
Input,XXX,3,strain.375,96,3,909
Input,XXX,3,strain.376,96,3,493
Input,XXX,3,strain.377,96,3,746
Input,XXX,3,strain.378,96,3,504
Input,XXX,3,strain.379,96,3,468
Input,XXX,3,strain.38,96,3,1512
Input,XXX,3,strain.380,96,3,554
Input,XXX,3,strain.381,96,3,3747
Input,XXX,3,strain.382,96,3,462
Input,XXX,3,strain.383,96,3,1429
Input,XXX,3,strain.384,96,3,2801
Input,XXX,3,strain.385,96,3,373
Input,XXX,3,strain.386,96,3,417
Input,XXX,3,strain.387,96,3,869
Input,XXX,3,strain.388,96,3,0
Input,XXX,3,strain.389,96,3,1344
Input,XXX,3,strain.39,96,3,731
Input,XXX,3,strain.390,96,3,1118
Input,XXX,3,strain.391,96,3,195
Input,XXX,3,strain.392,96,3,1085
Input,XXX,3,strain.393,96,3,901
Input,XXX,3,strain.394,96,3,123
Input,XXX,3,strain.395,96,3,94
Input,XXX,3,strain.396,96,3,231
Input,XXX,3,strain.397,96,3,2437
Input,XXX,3,strain.398,96,3,669
Input,XXX,3,strain.399,96,3,480
Input,XXX,3,strain.4,96,3,798
Input,XXX,3,strain.40,96,3,2024
Input,XXX,3,strain.400,96,3,467
Input,XXX,3,strain.401,96,3,552
Input,XXX,3,strain.402,96,3,767
Input,XXX,3,strain.403,96,3,601
Input,XXX,3,strain.404,96,3,370
Input,XXX,3,strain.405,96,3,1976
Input,XXX,3,strain.406,96,3,1000
Input,XXX,3,strain.407,96,3,874
Input,XXX,3,strain.408,96,3,63
Input,XXX,3,strain.409,96,3,0
Input,XXX,3,strain.41,96,3,588
Input,XXX,3,strain.410,96,3,0
Input,XXX,3,strain.411,96,3,0
Input,XXX,3,strain.412,96,3,0
Input,XXX,3,strain.413,96,3,12
Input,XXX,3,strain.414,96,3,1876
Input,XXX,3,strain.415,96,3,951
Input,XXX,3,strain.416,96,3,13107
Input,XXX,3,strain.417,96,3,1
Input,XXX,3,strain.418,96,3,39098
Input,XXX,3,strain.419,96,3,78
Input,XXX,3,strain.42,96,3,891
Input,XXX,3,strain.420,96,3,1159
Input,XXX,3,strain.421,96,3,0
Input,XXX,3,strain.422,96,3,0
Input,XXX,3,strain.423,96,3,20715
Input,XXX,3,strain.424,96,3,36705
Input,XXX,3,strain.425,96,3,2078
Input,XXX,3,strain.426,96,3,1264
Input,XXX,3,strain.427,96,3,2012
Input,XXX,3,strain.428,96,3,4233
Input,XXX,3,strain.429,96,3,0
Input,XXX,3,strain.43,96,3,326
Input,XXX,3,strain.430,96,3,26244
Input,XXX,3,strain.431,96,3,1185
Input,XXX,3,strain.432,96,3,389
Input,XXX,3,strain.433,96,3,245
Input,XXX,3,strain.434,96,3,0
Input,XXX,3,strain.435,96,3,0
Input,XXX,3,strain.436,96,3,524
Input,XXX,3,strain.437,96,3,7295
Input,XXX,3,strain.44,96,3,7248
Input,XXX,3,strain.45,96,3,927
Input,XXX,3,strain.46,96,3,806
Input,XXX,3,strain.47,96,3,540
Input,XXX,3,strain.48,96,3,461
Input,XXX,3,strain.49,96,3,608
Input,XXX,3,strain.5,96,3,635
Input,XXX,3,strain.50,96,3,1013
Input,XXX,3,strain.51,96,3,669
Input,XXX,3,strain.52,96,3,436
Input,XXX,3,strain.53,96,3,1791
Input,XXX,3,strain.54,96,3,529
Input,XXX,3,strain.55,96,3,372
Input,XXX,3,strain.56,96,3,779
Input,XXX,3,strain.57,96,3,1393
Input,XXX,3,strain.58,96,3,259
Input,XXX,3,strain.59,96,3,1336
Input,XXX,3,strain.6,96,3,768
Input,XXX,3,strain.60,96,3,1003
Input,XXX,3,strain.61,96,3,3376
Input,XXX,3,strain.62,96,3,510
Input,XXX,3,strain.63,96,3,477
Input,XXX,3,strain.64,96,3,35
Input,XXX,3,strain.65,96,3,1776
Input,XXX,3,strain.66,96,3,1056
Input,XXX,3,strain.67,96,3,312
Input,XXX,3,strain.68,96,3,3220
Input,XXX,3,strain.69,96,3,212
Input,XXX,3,strain.7,96,3,366
Input,XXX,3,strain.70,96,3,381
Input,XXX,3,strain.71,96,3,234
Input,XXX,3,strain.72,96,3,210
Input,XXX,3,strain.73,96,3,450
Input,XXX,3,strain.74,96,3,842
Input,XXX,3,strain.75,96,3,429
Input,XXX,3,strain.76,96,3,668
Input,XXX,3,strain.77,96,3,702
Input,XXX,3,strain.78,96,3,657
Input,XXX,3,strain.79,96,3,316
Input,XXX,3,strain.8,96,3,1143
Input,XXX,3,strain.80,96,3,341
Input,XXX,3,strain.81,96,3,745
Input,XXX,3,strain.82,96,3,840
Input,XXX,3,strain.83,96,3,309
Input,XXX,3,strain.84,96,3,1145
Input,XXX,3,strain.85,96,3,1100
Input,XXX,3,strain.86,96,3,362
Input,XXX,3,strain.87,96,3,1380
Input,XXX,3,strain.88,96,3,251
Input,XXX,3,strain.89,96,3,369
Input,XXX,3,strain.9,96,3,494
Input,XXX,3,strain.90,96,3,1597
Input,XXX,3,strain.91,96,3,1643
Input,XXX,3,strain.92,96,3,581
Input,XXX,3,strain.93,96,3,354
Input,XXX,3,strain.94,96,3,422
Input,XXX,3,strain.95,96,3,726
Input,XXX,3,strain.96,96,3,999
Input,XXX,3,strain.97,96,3,301
Input,XXX,3,strain.98,96,3,655
Input,XXX,3,strain.99,96,3,169
Input,XXX,4,strain.0,96,4,486
Input,XXX,4,strain.1,96,4,333
Input,XXX,4,strain.10,96,4,1863
Input,XXX,4,strain.100,96,4,1101
Input,XXX,4,strain.101,96,4,3847
Input,XXX,4,strain.102,96,4,373
Input,XXX,4,strain.103,96,4,606
Input,XXX,4,strain.104,96,4,49
Input,XXX,4,strain.105,96,4,520
Input,XXX,4,strain.106,96,4,524
Input,XXX,4,strain.107,96,4,740
Input,XXX,4,strain.108,96,4,78
Input,XXX,4,strain.109,96,4,2202
Input,XXX,4,strain.11,96,4,550
Input,XXX,4,strain.110,96,4,6421
Input,XXX,4,strain.111,96,4,2204
Input,XXX,4,strain.112,96,4,0
Input,XXX,4,strain.113,96,4,0
Input,XXX,4,strain.114,96,4,640
Input,XXX,4,strain.115,96,4,491
Input,XXX,4,strain.116,96,4,316
Input,XXX,4,strain.117,96,4,718
Input,XXX,4,strain.118,96,4,317
Input,XXX,4,strain.119,96,4,985
Input,XXX,4,strain.12,96,4,1048
Input,XXX,4,strain.120,96,4,1077
Input,XXX,4,strain.121,96,4,187
Input,XXX,4,strain.122,96,4,813
Input,XXX,4,strain.123,96,4,258
Input,XXX,4,strain.124,96,4,595
Input,XXX,4,strain.125,96,4,846
Input,XXX,4,strain.126,96,4,138
Input,XXX,4,strain.127,96,4,343
Input,XXX,4,strain.128,96,4,223
Input,XXX,4,strain.129,96,4,395
Input,XXX,4,strain.13,96,4,873
Input,XXX,4,strain.130,96,4,1433
Input,XXX,4,strain.131,96,4,513
Input,XXX,4,strain.132,96,4,1145
Input,XXX,4,strain.133,96,4,692
Input,XXX,4,strain.134,96,4,843
Input,XXX,4,strain.135,96,4,891
Input,XXX,4,strain.136,96,4,776
Input,XXX,4,strain.137,96,4,506
Input,XXX,4,strain.138,96,4,439
Input,XXX,4,strain.139,96,4,509
Input,XXX,4,strain.14,96,4,708
Input,XXX,4,strain.140,96,4,763
Input,XXX,4,strain.141,96,4,508
Input,XXX,4,strain.142,96,4,337
Input,XXX,4,strain.143,96,4,297
Input,XXX,4,strain.144,96,4,450
Input,XXX,4,strain.145,96,4,421
Input,XXX,4,strain.146,96,4,932
Input,XXX,4,strain.147,96,4,1048
Input,XXX,4,strain.148,96,4,1740
Input,XXX,4,strain.149,96,4,1246
Input,XXX,4,strain.15,96,4,302
Input,XXX,4,strain.150,96,4,1929
Input,XXX,4,strain.151,96,4,1659
Input,XXX,4,strain.152,96,4,927
Input,XXX,4,strain.153,96,4,689
Input,XXX,4,strain.154,96,4,561
Input,XXX,4,strain.155,96,4,1383
Input,XXX,4,strain.156,96,4,1183
Input,XXX,4,strain.157,96,4,937
Input,XXX,4,strain.158,96,4,1169
Input,XXX,4,strain.159,96,4,628
Input,XXX,4,strain.16,96,4,464
Input,XXX,4,strain.160,96,4,465
Input,XXX,4,strain.161,96,4,1047
Input,XXX,4,strain.162,96,4,669
Input,XXX,4,strain.163,96,4,941
Input,XXX,4,strain.164,96,4,2589
Input,XXX,4,strain.165,96,4,1251
Input,XXX,4,strain.166,96,4,2354
Input,XXX,4,strain.167,96,4,750
Input,XXX,4,strain.168,96,4,988
Input,XXX,4,strain.169,96,4,1324
Input,XXX,4,strain.17,96,4,500
Input,XXX,4,strain.170,96,4,430
Input,XXX,4,strain.171,96,4,511
Input,XXX,4,strain.172,96,4,524
Input,XXX,4,strain.173,96,4,179
Input,XXX,4,strain.174,96,4,387
Input,XXX,4,strain.175,96,4,321
Input,XXX,4,strain.176,96,4,1121
Input,XXX,4,strain.177,96,4,410
Input,XXX,4,strain.178,96,4,735
Input,XXX,4,strain.179,96,4,93
Input,XXX,4,strain.18,96,4,1135
Input,XXX,4,strain.180,96,4,429
Input,XXX,4,strain.181,96,4,983
Input,XXX,4,strain.182,96,4,546
Input,XXX,4,strain.183,96,4,406
Input,XXX,4,strain.184,96,4,66992
Input,XXX,4,strain.185,96,4,818
Input,XXX,4,strain.186,96,4,1115
Input,XXX,4,strain.187,96,4,92
Input,XXX,4,strain.188,96,4,338
Input,XXX,4,strain.189,96,4,766
Input,XXX,4,strain.19,96,4,408
Input,XXX,4,strain.190,96,4,482
Input,XXX,4,strain.191,96,4,304
Input,XXX,4,strain.192,96,4,1037
Input,XXX,4,strain.193,96,4,278
Input,XXX,4,strain.194,96,4,648
Input,XXX,4,strain.195,96,4,382
Input,XXX,4,strain.196,96,4,10
Input,XXX,4,strain.197,96,4,65
Input,XXX,4,strain.198,96,4,2431
Input,XXX,4,strain.199,96,4,345
Input,XXX,4,strain.2,96,4,703
Input,XXX,4,strain.20,96,4,350
Input,XXX,4,strain.200,96,4,354
Input,XXX,4,strain.201,96,4,917
Input,XXX,4,strain.202,96,4,314
Input,XXX,4,strain.203,96,4,513
Input,XXX,4,strain.204,96,4,838
Input,XXX,4,strain.205,96,4,650
Input,XXX,4,strain.206,96,4,299
Input,XXX,4,strain.207,96,4,229
Input,XXX,4,strain.208,96,4,620
Input,XXX,4,strain.209,96,4,598
Input,XXX,4,strain.21,96,4,1822
Input,XXX,4,strain.210,96,4,465
Input,XXX,4,strain.211,96,4,544
Input,XXX,4,strain.212,96,4,1524
Input,XXX,4,strain.213,96,4,454
Input,XXX,4,strain.214,96,4,876
Input,XXX,4,strain.215,96,4,729
Input,XXX,4,strain.216,96,4,883
Input,XXX,4,strain.217,96,4,209
Input,XXX,4,strain.218,96,4,448
Input,XXX,4,strain.219,96,4,582
Input,XXX,4,strain.22,96,4,262
Input,XXX,4,strain.220,96,4,604
Input,XXX,4,strain.221,96,4,579
Input,XXX,4,strain.222,96,4,724
Input,XXX,4,strain.223,96,4,989
Input,XXX,4,strain.224,96,4,691
Input,XXX,4,strain.225,96,4,748
Input,XXX,4,strain.226,96,4,474
Input,XXX,4,strain.227,96,4,723
Input,XXX,4,strain.228,96,4,892
Input,XXX,4,strain.229,96,4,492
Input,XXX,4,strain.23,96,4,604
Input,XXX,4,strain.230,96,4,0
Input,XXX,4,strain.231,96,4,265
Input,XXX,4,strain.232,96,4,1036
Input,XXX,4,strain.233,96,4,24438
Input,XXX,4,strain.234,96,4,409
Input,XXX,4,strain.235,96,4,884
Input,XXX,4,strain.236,96,4,745
Input,XXX,4,strain.237,96,4,745
Input,XXX,4,strain.238,96,4,474
Input,XXX,4,strain.239,96,4,109
Input,XXX,4,strain.24,96,4,598
Input,XXX,4,strain.240,96,4,29613
Input,XXX,4,strain.241,96,4,143
Input,XXX,4,strain.242,96,4,702
Input,XXX,4,strain.243,96,4,224
Input,XXX,4,strain.244,96,4,881
Input,XXX,4,strain.245,96,4,411
Input,XXX,4,strain.246,96,4,389
Input,XXX,4,strain.247,96,4,934
Input,XXX,4,strain.248,96,4,941
Input,XXX,4,strain.249,96,4,395
Input,XXX,4,strain.25,96,4,438
Input,XXX,4,strain.250,96,4,728
Input,XXX,4,strain.251,96,4,1123
Input,XXX,4,strain.252,96,4,826
Input,XXX,4,strain.253,96,4,193
Input,XXX,4,strain.254,96,4,5015
Input,XXX,4,strain.255,96,4,1405
Input,XXX,4,strain.256,96,4,899
Input,XXX,4,strain.257,96,4,908
Input,XXX,4,strain.258,96,4,563
Input,XXX,4,strain.259,96,4,284
Input,XXX,4,strain.26,96,4,104
Input,XXX,4,strain.260,96,4,465
Input,XXX,4,strain.261,96,4,867
Input,XXX,4,strain.262,96,4,309
Input,XXX,4,strain.263,96,4,609
Input,XXX,4,strain.264,96,4,634
Input,XXX,4,strain.265,96,4,0
Input,XXX,4,strain.266,96,4,913
Input,XXX,4,strain.267,96,4,89
Input,XXX,4,strain.268,96,4,1072
Input,XXX,4,strain.269,96,4,303
Input,XXX,4,strain.27,96,4,1515
Input,XXX,4,strain.270,96,4,417
Input,XXX,4,strain.271,96,4,882
Input,XXX,4,strain.272,96,4,463
Input,XXX,4,strain.273,96,4,1561
Input,XXX,4,strain.274,96,4,679
Input,XXX,4,strain.275,96,4,301
Input,XXX,4,strain.276,96,4,107
Input,XXX,4,strain.277,96,4,0
Input,XXX,4,strain.278,96,4,1274
Input,XXX,4,strain.279,96,4,632
Input,XXX,4,strain.28,96,4,975
Input,XXX,4,strain.280,96,4,979
Input,XXX,4,strain.281,96,4,327
Input,XXX,4,strain.282,96,4,645
Input,XXX,4,strain.283,96,4,654
Input,XXX,4,strain.284,96,4,1116
Input,XXX,4,strain.285,96,4,781
Input,XXX,4,strain.286,96,4,740
Input,XXX,4,strain.287,96,4,539
Input,XXX,4,strain.288,96,4,727
Input,XXX,4,strain.289,96,4,415
Input,XXX,4,strain.29,96,4,336
Input,XXX,4,strain.290,96,4,551
Input,XXX,4,strain.291,96,4,452
Input,XXX,4,strain.292,96,4,392
Input,XXX,4,strain.293,96,4,88
Input,XXX,4,strain.294,96,4,80
Input,XXX,4,strain.295,96,4,120
Input,XXX,4,strain.296,96,4,460
Input,XXX,4,strain.297,96,4,774
Input,XXX,4,strain.298,96,4,443
Input,XXX,4,strain.299,96,4,680
Input,XXX,4,strain.3,96,4,231
Input,XXX,4,strain.30,96,4,993
Input,XXX,4,strain.300,96,4,649
Input,XXX,4,strain.301,96,4,643
Input,XXX,4,strain.302,96,4,438
Input,XXX,4,strain.303,96,4,2644
Input,XXX,4,strain.304,96,4,755
Input,XXX,4,strain.305,96,4,1257
Input,XXX,4,strain.306,96,4,1023
Input,XXX,4,strain.307,96,4,642
Input,XXX,4,strain.308,96,4,479
Input,XXX,4,strain.309,96,4,745
Input,XXX,4,strain.31,96,4,690
Input,XXX,4,strain.310,96,4,495
Input,XXX,4,strain.311,96,4,615
Input,XXX,4,strain.312,96,4,1148
Input,XXX,4,strain.313,96,4,458
Input,XXX,4,strain.314,96,4,541
Input,XXX,4,strain.315,96,4,4328
Input,XXX,4,strain.316,96,4,678
Input,XXX,4,strain.317,96,4,200
Input,XXX,4,strain.318,96,4,579
Input,XXX,4,strain.319,96,4,2798
Input,XXX,4,strain.32,96,4,442
Input,XXX,4,strain.320,96,4,233
Input,XXX,4,strain.321,96,4,770
Input,XXX,4,strain.322,96,4,375
Input,XXX,4,strain.323,96,4,240
Input,XXX,4,strain.324,96,4,506
Input,XXX,4,strain.325,96,4,1182
Input,XXX,4,strain.326,96,4,1038
Input,XXX,4,strain.327,96,4,479
Input,XXX,4,strain.328,96,4,647
Input,XXX,4,strain.329,96,4,175
Input,XXX,4,strain.33,96,4,824
Input,XXX,4,strain.330,96,4,706
Input,XXX,4,strain.331,96,4,354
Input,XXX,4,strain.332,96,4,485
Input,XXX,4,strain.333,96,4,787
Input,XXX,4,strain.334,96,4,403
Input,XXX,4,strain.335,96,4,526
Input,XXX,4,strain.336,96,4,978
Input,XXX,4,strain.337,96,4,685
Input,XXX,4,strain.338,96,4,937
Input,XXX,4,strain.339,96,4,1123
Input,XXX,4,strain.34,96,4,644
Input,XXX,4,strain.340,96,4,1328
Input,XXX,4,strain.341,96,4,229
Input,XXX,4,strain.342,96,4,549
Input,XXX,4,strain.343,96,4,641
Input,XXX,4,strain.344,96,4,496
Input,XXX,4,strain.345,96,4,421
Input,XXX,4,strain.346,96,4,948
Input,XXX,4,strain.347,96,4,405
Input,XXX,4,strain.348,96,4,971
Input,XXX,4,strain.349,96,4,261
Input,XXX,4,strain.35,96,4,703
Input,XXX,4,strain.350,96,4,1044
Input,XXX,4,strain.351,96,4,1018
Input,XXX,4,strain.352,96,4,425
Input,XXX,4,strain.353,96,4,974
Input,XXX,4,strain.354,96,4,879
Input,XXX,4,strain.355,96,4,331
Input,XXX,4,strain.356,96,4,922
Input,XXX,4,strain.357,96,4,775
Input,XXX,4,strain.358,96,4,169
Input,XXX,4,strain.359,96,4,115
Input,XXX,4,strain.36,96,4,33
Input,XXX,4,strain.360,96,4,951
Input,XXX,4,strain.361,96,4,453
Input,XXX,4,strain.362,96,4,455
Input,XXX,4,strain.363,96,4,930
Input,XXX,4,strain.364,96,4,349
Input,XXX,4,strain.365,96,4,405
Input,XXX,4,strain.366,96,4,1309
Input,XXX,4,strain.367,96,4,213
Input,XXX,4,strain.368,96,4,1789
Input,XXX,4,strain.369,96,4,1406
Input,XXX,4,strain.37,96,4,482
Input,XXX,4,strain.370,96,4,741
Input,XXX,4,strain.371,96,4,313
Input,XXX,4,strain.372,96,4,419
Input,XXX,4,strain.373,96,4,608
Input,XXX,4,strain.374,96,4,607
Input,XXX,4,strain.375,96,4,991
Input,XXX,4,strain.376,96,4,491
Input,XXX,4,strain.377,96,4,902
Input,XXX,4,strain.378,96,4,652
Input,XXX,4,strain.379,96,4,456
Input,XXX,4,strain.38,96,4,1384
Input,XXX,4,strain.380,96,4,433
Input,XXX,4,strain.381,96,4,3234
Input,XXX,4,strain.382,96,4,306
Input,XXX,4,strain.383,96,4,1146
Input,XXX,4,strain.384,96,4,3263
Input,XXX,4,strain.385,96,4,279
Input,XXX,4,strain.386,96,4,357
Input,XXX,4,strain.387,96,4,799
Input,XXX,4,strain.388,96,4,0
Input,XXX,4,strain.389,96,4,1032
Input,XXX,4,strain.39,96,4,779
Input,XXX,4,strain.390,96,4,982
Input,XXX,4,strain.391,96,4,175
Input,XXX,4,strain.392,96,4,1044
Input,XXX,4,strain.393,96,4,1026
Input,XXX,4,strain.394,96,4,71
Input,XXX,4,strain.395,96,4,123
Input,XXX,4,strain.396,96,4,224
Input,XXX,4,strain.397,96,4,2281
Input,XXX,4,strain.398,96,4,528
Input,XXX,4,strain.399,96,4,445
Input,XXX,4,strain.4,96,4,920
Input,XXX,4,strain.40,96,4,1600
Input,XXX,4,strain.400,96,4,347
Input,XXX,4,strain.401,96,4,445
Input,XXX,4,strain.402,96,4,818
Input,XXX,4,strain.403,96,4,607
Input,XXX,4,strain.404,96,4,376
Input,XXX,4,strain.405,96,4,2397
Input,XXX,4,strain.406,96,4,1090
Input,XXX,4,strain.407,96,4,924
Input,XXX,4,strain.408,96,4,76
Input,XXX,4,strain.409,96,4,2
Input,XXX,4,strain.41,96,4,654
Input,XXX,4,strain.410,96,4,0
Input,XXX,4,strain.411,96,4,6
Input,XXX,4,strain.412,96,4,0
Input,XXX,4,strain.413,96,4,20
Input,XXX,4,strain.414,96,4,1757
Input,XXX,4,strain.415,96,4,885
Input,XXX,4,strain.416,96,4,12297
Input,XXX,4,strain.417,96,4,14
Input,XXX,4,strain.418,96,4,34432
Input,XXX,4,strain.419,96,4,51
Input,XXX,4,strain.42,96,4,706
Input,XXX,4,strain.420,96,4,1189
Input,XXX,4,strain.421,96,4,0
Input,XXX,4,strain.422,96,4,0
Input,XXX,4,strain.423,96,4,17747
Input,XXX,4,strain.424,96,4,32728
Input,XXX,4,strain.425,96,4,2094
Input,XXX,4,strain.426,96,4,1365
Input,XXX,4,strain.427,96,4,2588
Input,XXX,4,strain.428,96,4,4182
Input,XXX,4,strain.429,96,4,0
Input,XXX,4,strain.43,96,4,434
Input,XXX,4,strain.430,96,4,26416
Input,XXX,4,strain.431,96,4,1108
Input,XXX,4,strain.432,96,4,502
Input,XXX,4,strain.433,96,4,308
Input,XXX,4,strain.434,96,4,0
Input,XXX,4,strain.435,96,4,0
Input,XXX,4,strain.436,96,4,464
Input,XXX,4,strain.437,96,4,5789
Input,XXX,4,strain.44,96,4,6117
Input,XXX,4,strain.45,96,4,1090
Input,XXX,4,strain.46,96,4,677
Input,XXX,4,strain.47,96,4,586
Input,XXX,4,strain.48,96,4,414
Input,XXX,4,strain.49,96,4,586
Input,XXX,4,strain.5,96,4,746
Input,XXX,4,strain.50,96,4,748
Input,XXX,4,strain.51,96,4,632
Input,XXX,4,strain.52,96,4,446
Input,XXX,4,strain.53,96,4,1637
Input,XXX,4,strain.54,96,4,600
Input,XXX,4,strain.55,96,4,453
Input,XXX,4,strain.56,96,4,760
Input,XXX,4,strain.57,96,4,1120
Input,XXX,4,strain.58,96,4,258
Input,XXX,4,strain.59,96,4,1599
Input,XXX,4,strain.6,96,4,699
Input,XXX,4,strain.60,96,4,1007
Input,XXX,4,strain.61,96,4,2982
Input,XXX,4,strain.62,96,4,397
Input,XXX,4,strain.63,96,4,424
Input,XXX,4,strain.64,96,4,35
Input,XXX,4,strain.65,96,4,1588
Input,XXX,4,strain.66,96,4,1128
Input,XXX,4,strain.67,96,4,275
Input,XXX,4,strain.68,96,4,3726
Input,XXX,4,strain.69,96,4,210
Input,XXX,4,strain.7,96,4,363
Input,XXX,4,strain.70,96,4,313
Input,XXX,4,strain.71,96,4,201
Input,XXX,4,strain.72,96,4,177
Input,XXX,4,strain.73,96,4,352
Input,XXX,4,strain.74,96,4,734
Input,XXX,4,strain.75,96,4,386
Input,XXX,4,strain.76,96,4,675
Input,XXX,4,strain.77,96,4,648
Input,XXX,4,strain.78,96,4,633
Input,XXX,4,strain.79,96,4,292
Input,XXX,4,strain.8,96,4,1005
Input,XXX,4,strain.80,96,4,246
Input,XXX,4,strain.81,96,4,704
Input,XXX,4,strain.82,96,4,1261
Input,XXX,4,strain.83,96,4,380
Input,XXX,4,strain.84,96,4,1053
Input,XXX,4,strain.85,96,4,814
Input,XXX,4,strain.86,96,4,288
Input,XXX,4,strain.87,96,4,1302
Input,XXX,4,strain.88,96,4,371
Input,XXX,4,strain.89,96,4,490
Input,XXX,4,strain.9,96,4,465
Input,XXX,4,strain.90,96,4,1396
Input,XXX,4,strain.91,96,4,1483
Input,XXX,4,strain.92,96,4,690
Input,XXX,4,strain.93,96,4,329
Input,XXX,4,strain.94,96,4,505
Input,XXX,4,strain.95,96,4,724
Input,XXX,4,strain.96,96,4,1294
Input,XXX,4,strain.97,96,4,279
Input,XXX,4,strain.98,96,4,445
Input,XXX,4,strain.99,96,4,220
Input,XXX,5,strain.0,96,5,669
Input,XXX,5,strain.1,96,5,464
Input,XXX,5,strain.10,96,5,2394
Input,XXX,5,strain.100,96,5,1310
Input,XXX,5,strain.101,96,5,4340
Input,XXX,5,strain.102,96,5,519
Input,XXX,5,strain.103,96,5,809
Input,XXX,5,strain.104,96,5,41
Input,XXX,5,strain.105,96,5,646
Input,XXX,5,strain.106,96,5,616
Input,XXX,5,strain.107,96,5,711
Input,XXX,5,strain.108,96,5,40
Input,XXX,5,strain.109,96,5,2656
Input,XXX,5,strain.11,96,5,566
Input,XXX,5,strain.110,96,5,6879
Input,XXX,5,strain.111,96,5,2940
Input,XXX,5,strain.112,96,5,0
Input,XXX,5,strain.113,96,5,0
Input,XXX,5,strain.114,96,5,794
Input,XXX,5,strain.115,96,5,665
Input,XXX,5,strain.116,96,5,276
Input,XXX,5,strain.117,96,5,820
Input,XXX,5,strain.118,96,5,263
Input,XXX,5,strain.119,96,5,1233
Input,XXX,5,strain.12,96,5,1123
Input,XXX,5,strain.120,96,5,1337
Input,XXX,5,strain.121,96,5,284
Input,XXX,5,strain.122,96,5,894
Input,XXX,5,strain.123,96,5,373
Input,XXX,5,strain.124,96,5,635
Input,XXX,5,strain.125,96,5,820
Input,XXX,5,strain.126,96,5,175
Input,XXX,5,strain.127,96,5,480
Input,XXX,5,strain.128,96,5,276
Input,XXX,5,strain.129,96,5,597
Input,XXX,5,strain.13,96,5,799
Input,XXX,5,strain.130,96,5,1651
Input,XXX,5,strain.131,96,5,633
Input,XXX,5,strain.132,96,5,1154
Input,XXX,5,strain.133,96,5,873
Input,XXX,5,strain.134,96,5,874
Input,XXX,5,strain.135,96,5,1155
Input,XXX,5,strain.136,96,5,910
Input,XXX,5,strain.137,96,5,516
Input,XXX,5,strain.138,96,5,595
Input,XXX,5,strain.139,96,5,483
Input,XXX,5,strain.14,96,5,786
Input,XXX,5,strain.140,96,5,704
Input,XXX,5,strain.141,96,5,539
Input,XXX,5,strain.142,96,5,354
Input,XXX,5,strain.143,96,5,358
Input,XXX,5,strain.144,96,5,473
Input,XXX,5,strain.145,96,5,535
Input,XXX,5,strain.146,96,5,1211
Input,XXX,5,strain.147,96,5,1381
Input,XXX,5,strain.148,96,5,1718
Input,XXX,5,strain.149,96,5,1375
Input,XXX,5,strain.15,96,5,462
Input,XXX,5,strain.150,96,5,2512
Input,XXX,5,strain.151,96,5,1961
Input,XXX,5,strain.152,96,5,1181
Input,XXX,5,strain.153,96,5,987
Input,XXX,5,strain.154,96,5,711
Input,XXX,5,strain.155,96,5,1389
Input,XXX,5,strain.156,96,5,1493
Input,XXX,5,strain.157,96,5,864
Input,XXX,5,strain.158,96,5,1807
Input,XXX,5,strain.159,96,5,586
Input,XXX,5,strain.16,96,5,575
Input,XXX,5,strain.160,96,5,560
Input,XXX,5,strain.161,96,5,1305
Input,XXX,5,strain.162,96,5,682
Input,XXX,5,strain.163,96,5,970
Input,XXX,5,strain.164,96,5,2970
Input,XXX,5,strain.165,96,5,1175
Input,XXX,5,strain.166,96,5,2637
Input,XXX,5,strain.167,96,5,933
Input,XXX,5,strain.168,96,5,1152
Input,XXX,5,strain.169,96,5,1362
Input,XXX,5,strain.17,96,5,498
Input,XXX,5,strain.170,96,5,630
Input,XXX,5,strain.171,96,5,586
Input,XXX,5,strain.172,96,5,680
Input,XXX,5,strain.173,96,5,240
Input,XXX,5,strain.174,96,5,571
Input,XXX,5,strain.175,96,5,486
Input,XXX,5,strain.176,96,5,1422
Input,XXX,5,strain.177,96,5,456
Input,XXX,5,strain.178,96,5,813
Input,XXX,5,strain.179,96,5,271
Input,XXX,5,strain.18,96,5,1340
Input,XXX,5,strain.180,96,5,663
Input,XXX,5,strain.181,96,5,1188
Input,XXX,5,strain.182,96,5,554
Input,XXX,5,strain.183,96,5,368
Input,XXX,5,strain.184,96,5,85638
Input,XXX,5,strain.185,96,5,1261
Input,XXX,5,strain.186,96,5,1378
Input,XXX,5,strain.187,96,5,116
Input,XXX,5,strain.188,96,5,400
Input,XXX,5,strain.189,96,5,822
Input,XXX,5,strain.19,96,5,449
Input,XXX,5,strain.190,96,5,562
Input,XXX,5,strain.191,96,5,295
Input,XXX,5,strain.192,96,5,1268
Input,XXX,5,strain.193,96,5,382
Input,XXX,5,strain.194,96,5,780
Input,XXX,5,strain.195,96,5,606
Input,XXX,5,strain.196,96,5,36
Input,XXX,5,strain.197,96,5,81
Input,XXX,5,strain.198,96,5,3072
Input,XXX,5,strain.199,96,5,493
Input,XXX,5,strain.2,96,5,933
Input,XXX,5,strain.20,96,5,478
Input,XXX,5,strain.200,96,5,311
Input,XXX,5,strain.201,96,5,1239
Input,XXX,5,strain.202,96,5,437
Input,XXX,5,strain.203,96,5,855
Input,XXX,5,strain.204,96,5,1144
Input,XXX,5,strain.205,96,5,688
Input,XXX,5,strain.206,96,5,329
Input,XXX,5,strain.207,96,5,354
Input,XXX,5,strain.208,96,5,621
Input,XXX,5,strain.209,96,5,779
Input,XXX,5,strain.21,96,5,2204
Input,XXX,5,strain.210,96,5,662
Input,XXX,5,strain.211,96,5,897
Input,XXX,5,strain.212,96,5,1432
Input,XXX,5,strain.213,96,5,559
Input,XXX,5,strain.214,96,5,887
Input,XXX,5,strain.215,96,5,904
Input,XXX,5,strain.216,96,5,936
Input,XXX,5,strain.217,96,5,339
Input,XXX,5,strain.218,96,5,536
Input,XXX,5,strain.219,96,5,648
Input,XXX,5,strain.22,96,5,368
Input,XXX,5,strain.220,96,5,707
Input,XXX,5,strain.221,96,5,700
Input,XXX,5,strain.222,96,5,955
Input,XXX,5,strain.223,96,5,1475
Input,XXX,5,strain.224,96,5,924
Input,XXX,5,strain.225,96,5,863
Input,XXX,5,strain.226,96,5,652
Input,XXX,5,strain.227,96,5,540
Input,XXX,5,strain.228,96,5,820
Input,XXX,5,strain.229,96,5,541
Input,XXX,5,strain.23,96,5,681
Input,XXX,5,strain.230,96,5,0
Input,XXX,5,strain.231,96,5,166
Input,XXX,5,strain.232,96,5,802
Input,XXX,5,strain.233,96,5,25494
Input,XXX,5,strain.234,96,5,618
Input,XXX,5,strain.235,96,5,768
Input,XXX,5,strain.236,96,5,737
Input,XXX,5,strain.237,96,5,802
Input,XXX,5,strain.238,96,5,506
Input,XXX,5,strain.239,96,5,156
Input,XXX,5,strain.24,96,5,705
Input,XXX,5,strain.240,96,5,36634
Input,XXX,5,strain.241,96,5,181
Input,XXX,5,strain.242,96,5,942
Input,XXX,5,strain.243,96,5,207
Input,XXX,5,strain.244,96,5,1096
Input,XXX,5,strain.245,96,5,445
Input,XXX,5,strain.246,96,5,540
Input,XXX,5,strain.247,96,5,1010
Input,XXX,5,strain.248,96,5,918
Input,XXX,5,strain.249,96,5,474
Input,XXX,5,strain.25,96,5,517
Input,XXX,5,strain.250,96,5,793
Input,XXX,5,strain.251,96,5,988
Input,XXX,5,strain.252,96,5,1021
Input,XXX,5,strain.253,96,5,246
Input,XXX,5,strain.254,96,5,5857
Input,XXX,5,strain.255,96,5,1533
Input,XXX,5,strain.256,96,5,1149
Input,XXX,5,strain.257,96,5,1308
Input,XXX,5,strain.258,96,5,659
Input,XXX,5,strain.259,96,5,438
Input,XXX,5,strain.26,96,5,118
Input,XXX,5,strain.260,96,5,695
Input,XXX,5,strain.261,96,5,986
Input,XXX,5,strain.262,96,5,196
Input,XXX,5,strain.263,96,5,723
Input,XXX,5,strain.264,96,5,671
Input,XXX,5,strain.265,96,5,0
Input,XXX,5,strain.266,96,5,1445
Input,XXX,5,strain.267,96,5,121
Input,XXX,5,strain.268,96,5,1159
Input,XXX,5,strain.269,96,5,384
Input,XXX,5,strain.27,96,5,2033
Input,XXX,5,strain.270,96,5,551
Input,XXX,5,strain.271,96,5,1060
Input,XXX,5,strain.272,96,5,691
Input,XXX,5,strain.273,96,5,1472
Input,XXX,5,strain.274,96,5,947
Input,XXX,5,strain.275,96,5,279
Input,XXX,5,strain.276,96,5,64
Input,XXX,5,strain.277,96,5,1
Input,XXX,5,strain.278,96,5,1346
Input,XXX,5,strain.279,96,5,837
Input,XXX,5,strain.28,96,5,970
Input,XXX,5,strain.280,96,5,1095
Input,XXX,5,strain.281,96,5,321
Input,XXX,5,strain.282,96,5,569
Input,XXX,5,strain.283,96,5,738
Input,XXX,5,strain.284,96,5,1163
Input,XXX,5,strain.285,96,5,911
Input,XXX,5,strain.286,96,5,769
Input,XXX,5,strain.287,96,5,726
Input,XXX,5,strain.288,96,5,718
Input,XXX,5,strain.289,96,5,492
Input,XXX,5,strain.29,96,5,513
Input,XXX,5,strain.290,96,5,782
Input,XXX,5,strain.291,96,5,545
Input,XXX,5,strain.292,96,5,601
Input,XXX,5,strain.293,96,5,114
Input,XXX,5,strain.294,96,5,82
Input,XXX,5,strain.295,96,5,159
Input,XXX,5,strain.296,96,5,521
Input,XXX,5,strain.297,96,5,1009
Input,XXX,5,strain.298,96,5,333
Input,XXX,5,strain.299,96,5,749
Input,XXX,5,strain.3,96,5,509
Input,XXX,5,strain.30,96,5,1040
Input,XXX,5,strain.300,96,5,603
Input,XXX,5,strain.301,96,5,830
Input,XXX,5,strain.302,96,5,611
Input,XXX,5,strain.303,96,5,2501
Input,XXX,5,strain.304,96,5,794
Input,XXX,5,strain.305,96,5,1756
Input,XXX,5,strain.306,96,5,1130
Input,XXX,5,strain.307,96,5,1005
Input,XXX,5,strain.308,96,5,520
Input,XXX,5,strain.309,96,5,937
Input,XXX,5,strain.31,96,5,816
Input,XXX,5,strain.310,96,5,715
Input,XXX,5,strain.311,96,5,631
Input,XXX,5,strain.312,96,5,1385
Input,XXX,5,strain.313,96,5,530
Input,XXX,5,strain.314,96,5,530
Input,XXX,5,strain.315,96,5,4978
Input,XXX,5,strain.316,96,5,899
Input,XXX,5,strain.317,96,5,193
Input,XXX,5,strain.318,96,5,890
Input,XXX,5,strain.319,96,5,2916
Input,XXX,5,strain.32,96,5,464
Input,XXX,5,strain.320,96,5,297
Input,XXX,5,strain.321,96,5,980
Input,XXX,5,strain.322,96,5,295
Input,XXX,5,strain.323,96,5,245
Input,XXX,5,strain.324,96,5,480
Input,XXX,5,strain.325,96,5,1540
Input,XXX,5,strain.326,96,5,1312
Input,XXX,5,strain.327,96,5,488
Input,XXX,5,strain.328,96,5,898
Input,XXX,5,strain.329,96,5,225
Input,XXX,5,strain.33,96,5,710
Input,XXX,5,strain.330,96,5,815
Input,XXX,5,strain.331,96,5,393
Input,XXX,5,strain.332,96,5,639
Input,XXX,5,strain.333,96,5,900
Input,XXX,5,strain.334,96,5,488
Input,XXX,5,strain.335,96,5,1004
Input,XXX,5,strain.336,96,5,965
Input,XXX,5,strain.337,96,5,911
Input,XXX,5,strain.338,96,5,1020
Input,XXX,5,strain.339,96,5,1215
Input,XXX,5,strain.34,96,5,697
Input,XXX,5,strain.340,96,5,1534
Input,XXX,5,strain.341,96,5,297
Input,XXX,5,strain.342,96,5,613
Input,XXX,5,strain.343,96,5,723
Input,XXX,5,strain.344,96,5,516
Input,XXX,5,strain.345,96,5,596
Input,XXX,5,strain.346,96,5,963
Input,XXX,5,strain.347,96,5,468
Input,XXX,5,strain.348,96,5,963
Input,XXX,5,strain.349,96,5,252
Input,XXX,5,strain.35,96,5,859
Input,XXX,5,strain.350,96,5,937
Input,XXX,5,strain.351,96,5,1487
Input,XXX,5,strain.352,96,5,495
Input,XXX,5,strain.353,96,5,1245
Input,XXX,5,strain.354,96,5,1161
Input,XXX,5,strain.355,96,5,454
Input,XXX,5,strain.356,96,5,1238
Input,XXX,5,strain.357,96,5,807
Input,XXX,5,strain.358,96,5,158
Input,XXX,5,strain.359,96,5,145
Input,XXX,5,strain.36,96,5,19
Input,XXX,5,strain.360,96,5,858
Input,XXX,5,strain.361,96,5,634
Input,XXX,5,strain.362,96,5,482
Input,XXX,5,strain.363,96,5,911
Input,XXX,5,strain.364,96,5,426
Input,XXX,5,strain.365,96,5,602
Input,XXX,5,strain.366,96,5,1454
Input,XXX,5,strain.367,96,5,218
Input,XXX,5,strain.368,96,5,1829
Input,XXX,5,strain.369,96,5,1595
Input,XXX,5,strain.37,96,5,474
Input,XXX,5,strain.370,96,5,805
Input,XXX,5,strain.371,96,5,722
Input,XXX,5,strain.372,96,5,489
Input,XXX,5,strain.373,96,5,774
Input,XXX,5,strain.374,96,5,698
Input,XXX,5,strain.375,96,5,1291
Input,XXX,5,strain.376,96,5,694
Input,XXX,5,strain.377,96,5,1035
Input,XXX,5,strain.378,96,5,539
Input,XXX,5,strain.379,96,5,529
Input,XXX,5,strain.38,96,5,1815
Input,XXX,5,strain.380,96,5,591
Input,XXX,5,strain.381,96,5,3854
Input,XXX,5,strain.382,96,5,403
Input,XXX,5,strain.383,96,5,1580
Input,XXX,5,strain.384,96,5,3891
Input,XXX,5,strain.385,96,5,222
Input,XXX,5,strain.386,96,5,332
Input,XXX,5,strain.387,96,5,964
Input,XXX,5,strain.388,96,5,0
Input,XXX,5,strain.389,96,5,982
Input,XXX,5,strain.39,96,5,894
Input,XXX,5,strain.390,96,5,1233
Input,XXX,5,strain.391,96,5,250
Input,XXX,5,strain.392,96,5,1383
Input,XXX,5,strain.393,96,5,1034
Input,XXX,5,strain.394,96,5,63
Input,XXX,5,strain.395,96,5,117
Input,XXX,5,strain.396,96,5,281
Input,XXX,5,strain.397,96,5,2890
Input,XXX,5,strain.398,96,5,665
Input,XXX,5,strain.399,96,5,478
Input,XXX,5,strain.4,96,5,946
Input,XXX,5,strain.40,96,5,1835
Input,XXX,5,strain.400,96,5,415
Input,XXX,5,strain.401,96,5,546
Input,XXX,5,strain.402,96,5,791
Input,XXX,5,strain.403,96,5,591
Input,XXX,5,strain.404,96,5,419
Input,XXX,5,strain.405,96,5,2800
Input,XXX,5,strain.406,96,5,1185
Input,XXX,5,strain.407,96,5,958
Input,XXX,5,strain.408,96,5,60
Input,XXX,5,strain.409,96,5,1
Input,XXX,5,strain.41,96,5,805
Input,XXX,5,strain.410,96,5,0
Input,XXX,5,strain.411,96,5,0
Input,XXX,5,strain.412,96,5,0
Input,XXX,5,strain.413,96,5,23
Input,XXX,5,strain.414,96,5,1712
Input,XXX,5,strain.415,96,5,879
Input,XXX,5,strain.416,96,5,11333
Input,XXX,5,strain.417,96,5,1
Input,XXX,5,strain.418,96,5,33683
Input,XXX,5,strain.419,96,5,62
Input,XXX,5,strain.42,96,5,948
Input,XXX,5,strain.420,96,5,1192
Input,XXX,5,strain.421,96,5,0
Input,XXX,5,strain.422,96,5,0
Input,XXX,5,strain.423,96,5,17302
Input,XXX,5,strain.424,96,5,33688
Input,XXX,5,strain.425,96,5,1780
Input,XXX,5,strain.426,96,5,1079
Input,XXX,5,strain.427,96,5,2251
Input,XXX,5,strain.428,96,5,4322
Input,XXX,5,strain.429,96,5,0
Input,XXX,5,strain.43,96,5,510
Input,XXX,5,strain.430,96,5,25029
Input,XXX,5,strain.431,96,5,1392
Input,XXX,5,strain.432,96,5,516
Input,XXX,5,strain.433,96,5,388
Input,XXX,5,strain.434,96,5,0
Input,XXX,5,strain.435,96,5,0
Input,XXX,5,strain.436,96,5,640
Input,XXX,5,strain.437,96,5,5972
Input,XXX,5,strain.44,96,5,7374
Input,XXX,5,strain.45,96,5,1100
Input,XXX,5,strain.46,96,5,930
Input,XXX,5,strain.47,96,5,675
Input,XXX,5,strain.48,96,5,540
Input,XXX,5,strain.49,96,5,488
Input,XXX,5,strain.5,96,5,1045
Input,XXX,5,strain.50,96,5,952
Input,XXX,5,strain.51,96,5,707
Input,XXX,5,strain.52,96,5,642
Input,XXX,5,strain.53,96,5,1774
Input,XXX,5,strain.54,96,5,571
Input,XXX,5,strain.55,96,5,460
Input,XXX,5,strain.56,96,5,901
Input,XXX,5,strain.57,96,5,1302
Input,XXX,5,strain.58,96,5,310
Input,XXX,5,strain.59,96,5,1510
Input,XXX,5,strain.6,96,5,694
Input,XXX,5,strain.60,96,5,904
Input,XXX,5,strain.61,96,5,2566
Input,XXX,5,strain.62,96,5,616
Input,XXX,5,strain.63,96,5,492
Input,XXX,5,strain.64,96,5,67
Input,XXX,5,strain.65,96,5,1969
Input,XXX,5,strain.66,96,5,1329
Input,XXX,5,strain.67,96,5,341
Input,XXX,5,strain.68,96,5,4269
Input,XXX,5,strain.69,96,5,319
Input,XXX,5,strain.7,96,5,466
Input,XXX,5,strain.70,96,5,406
Input,XXX,5,strain.71,96,5,194
Input,XXX,5,strain.72,96,5,171
Input,XXX,5,strain.73,96,5,489
Input,XXX,5,strain.74,96,5,1091
Input,XXX,5,strain.75,96,5,586
Input,XXX,5,strain.76,96,5,798
Input,XXX,5,strain.77,96,5,634
Input,XXX,5,strain.78,96,5,588
Input,XXX,5,strain.79,96,5,258
Input,XXX,5,strain.8,96,5,1434
Input,XXX,5,strain.80,96,5,509
Input,XXX,5,strain.81,96,5,726
Input,XXX,5,strain.82,96,5,909
Input,XXX,5,strain.83,96,5,334
Input,XXX,5,strain.84,96,5,1208
Input,XXX,5,strain.85,96,5,1161
Input,XXX,5,strain.86,96,5,340
Input,XXX,5,strain.87,96,5,1546
Input,XXX,5,strain.88,96,5,455
Input,XXX,5,strain.89,96,5,385
Input,XXX,5,strain.9,96,5,684
Input,XXX,5,strain.90,96,5,1796
Input,XXX,5,strain.91,96,5,1908
Input,XXX,5,strain.92,96,5,886
Input,XXX,5,strain.93,96,5,423
Input,XXX,5,strain.94,96,5,523
Input,XXX,5,strain.95,96,5,902
Input,XXX,5,strain.96,96,5,1593
Input,XXX,5,strain.97,96,5,310
Input,XXX,5,strain.98,96,5,493
Input,XXX,5,strain.99,96,5,221
Input,XXX,6,strain.0,96,6,512
Input,XXX,6,strain.1,96,6,395
Input,XXX,6,strain.10,96,6,1951
Input,XXX,6,strain.100,96,6,1282
Input,XXX,6,strain.101,96,6,5108
Input,XXX,6,strain.102,96,6,434
Input,XXX,6,strain.103,96,6,617
Input,XXX,6,strain.104,96,6,44
Input,XXX,6,strain.105,96,6,648
Input,XXX,6,strain.106,96,6,577
Input,XXX,6,strain.107,96,6,800
Input,XXX,6,strain.108,96,6,31
Input,XXX,6,strain.109,96,6,2673
Input,XXX,6,strain.11,96,6,551
Input,XXX,6,strain.110,96,6,7426
Input,XXX,6,strain.111,96,6,2843
Input,XXX,6,strain.112,96,6,0
Input,XXX,6,strain.113,96,6,0
Input,XXX,6,strain.114,96,6,762
Input,XXX,6,strain.115,96,6,598
Input,XXX,6,strain.116,96,6,227
Input,XXX,6,strain.117,96,6,620
Input,XXX,6,strain.118,96,6,254
Input,XXX,6,strain.119,96,6,1074
Input,XXX,6,strain.12,96,6,761
Input,XXX,6,strain.120,96,6,1202
Input,XXX,6,strain.121,96,6,281
Input,XXX,6,strain.122,96,6,659
Input,XXX,6,strain.123,96,6,331
Input,XXX,6,strain.124,96,6,669
Input,XXX,6,strain.125,96,6,686
Input,XXX,6,strain.126,96,6,172
Input,XXX,6,strain.127,96,6,443
Input,XXX,6,strain.128,96,6,227
Input,XXX,6,strain.129,96,6,401
Input,XXX,6,strain.13,96,6,844
Input,XXX,6,strain.130,96,6,1360
Input,XXX,6,strain.131,96,6,431
Input,XXX,6,strain.132,96,6,874
Input,XXX,6,strain.133,96,6,532
Input,XXX,6,strain.134,96,6,622
Input,XXX,6,strain.135,96,6,718
Input,XXX,6,strain.136,96,6,830
Input,XXX,6,strain.137,96,6,392
Input,XXX,6,strain.138,96,6,438
Input,XXX,6,strain.139,96,6,424
Input,XXX,6,strain.14,96,6,714
Input,XXX,6,strain.140,96,6,603
Input,XXX,6,strain.141,96,6,457
Input,XXX,6,strain.142,96,6,220
Input,XXX,6,strain.143,96,6,230
Input,XXX,6,strain.144,96,6,306
Input,XXX,6,strain.145,96,6,496
Input,XXX,6,strain.146,96,6,961
Input,XXX,6,strain.147,96,6,958
Input,XXX,6,strain.148,96,6,1627
Input,XXX,6,strain.149,96,6,1225
Input,XXX,6,strain.15,96,6,361
Input,XXX,6,strain.150,96,6,1964
Input,XXX,6,strain.151,96,6,1949
Input,XXX,6,strain.152,96,6,1048
Input,XXX,6,strain.153,96,6,693
Input,XXX,6,strain.154,96,6,622
Input,XXX,6,strain.155,96,6,1282
Input,XXX,6,strain.156,96,6,1052
Input,XXX,6,strain.157,96,6,613
Input,XXX,6,strain.158,96,6,1345
Input,XXX,6,strain.159,96,6,575
Input,XXX,6,strain.16,96,6,563
Input,XXX,6,strain.160,96,6,360
Input,XXX,6,strain.161,96,6,1282
Input,XXX,6,strain.162,96,6,687
Input,XXX,6,strain.163,96,6,736
Input,XXX,6,strain.164,96,6,2966
Input,XXX,6,strain.165,96,6,1065
Input,XXX,6,strain.166,96,6,2144
Input,XXX,6,strain.167,96,6,714
Input,XXX,6,strain.168,96,6,1229
Input,XXX,6,strain.169,96,6,1059
Input,XXX,6,strain.17,96,6,362
Input,XXX,6,strain.170,96,6,480
Input,XXX,6,strain.171,96,6,433
Input,XXX,6,strain.172,96,6,575
Input,XXX,6,strain.173,96,6,272
Input,XXX,6,strain.174,96,6,410
Input,XXX,6,strain.175,96,6,341
Input,XXX,6,strain.176,96,6,1066
Input,XXX,6,strain.177,96,6,425
Input,XXX,6,strain.178,96,6,604
Input,XXX,6,strain.179,96,6,176
Input,XXX,6,strain.18,96,6,1211
Input,XXX,6,strain.180,96,6,417
Input,XXX,6,strain.181,96,6,880
Input,XXX,6,strain.182,96,6,718
Input,XXX,6,strain.183,96,6,447
Input,XXX,6,strain.184,96,6,76843
Input,XXX,6,strain.185,96,6,1075
Input,XXX,6,strain.186,96,6,1146
Input,XXX,6,strain.187,96,6,148
Input,XXX,6,strain.188,96,6,250
Input,XXX,6,strain.189,96,6,631
Input,XXX,6,strain.19,96,6,263
Input,XXX,6,strain.190,96,6,417
Input,XXX,6,strain.191,96,6,322
Input,XXX,6,strain.192,96,6,984
Input,XXX,6,strain.193,96,6,393
Input,XXX,6,strain.194,96,6,602
Input,XXX,6,strain.195,96,6,309
Input,XXX,6,strain.196,96,6,8
Input,XXX,6,strain.197,96,6,110
Input,XXX,6,strain.198,96,6,2816
Input,XXX,6,strain.199,96,6,261
Input,XXX,6,strain.2,96,6,810
Input,XXX,6,strain.20,96,6,458
Input,XXX,6,strain.200,96,6,329
Input,XXX,6,strain.201,96,6,831
Input,XXX,6,strain.202,96,6,535
Input,XXX,6,strain.203,96,6,626
Input,XXX,6,strain.204,96,6,869
Input,XXX,6,strain.205,96,6,566
Input,XXX,6,strain.206,96,6,330
Input,XXX,6,strain.207,96,6,339
Input,XXX,6,strain.208,96,6,619
Input,XXX,6,strain.209,96,6,634
Input,XXX,6,strain.21,96,6,2289
Input,XXX,6,strain.210,96,6,788
Input,XXX,6,strain.211,96,6,680
Input,XXX,6,strain.212,96,6,1451
Input,XXX,6,strain.213,96,6,433
Input,XXX,6,strain.214,96,6,689
Input,XXX,6,strain.215,96,6,651
Input,XXX,6,strain.216,96,6,799
Input,XXX,6,strain.217,96,6,227
Input,XXX,6,strain.218,96,6,489
Input,XXX,6,strain.219,96,6,477
Input,XXX,6,strain.22,96,6,295
Input,XXX,6,strain.220,96,6,605
Input,XXX,6,strain.221,96,6,636
Input,XXX,6,strain.222,96,6,723
Input,XXX,6,strain.223,96,6,1148
Input,XXX,6,strain.224,96,6,668
Input,XXX,6,strain.225,96,6,739
Input,XXX,6,strain.226,96,6,536
Input,XXX,6,strain.227,96,6,573
Input,XXX,6,strain.228,96,6,753
Input,XXX,6,strain.229,96,6,477
Input,XXX,6,strain.23,96,6,541
Input,XXX,6,strain.230,96,6,0
Input,XXX,6,strain.231,96,6,246
Input,XXX,6,strain.232,96,6,904
Input,XXX,6,strain.233,96,6,25573
Input,XXX,6,strain.234,96,6,460
Input,XXX,6,strain.235,96,6,871
Input,XXX,6,strain.236,96,6,808
Input,XXX,6,strain.237,96,6,591
Input,XXX,6,strain.238,96,6,452
Input,XXX,6,strain.239,96,6,154
Input,XXX,6,strain.24,96,6,700
Input,XXX,6,strain.240,96,6,28235
Input,XXX,6,strain.241,96,6,248
Input,XXX,6,strain.242,96,6,735
Input,XXX,6,strain.243,96,6,217
Input,XXX,6,strain.244,96,6,796
Input,XXX,6,strain.245,96,6,442
Input,XXX,6,strain.246,96,6,558
Input,XXX,6,strain.247,96,6,817
Input,XXX,6,strain.248,96,6,916
Input,XXX,6,strain.249,96,6,429
Input,XXX,6,strain.25,96,6,383
Input,XXX,6,strain.250,96,6,657
Input,XXX,6,strain.251,96,6,1010
Input,XXX,6,strain.252,96,6,1111
Input,XXX,6,strain.253,96,6,244
Input,XXX,6,strain.254,96,6,5953
Input,XXX,6,strain.255,96,6,1153
Input,XXX,6,strain.256,96,6,900
Input,XXX,6,strain.257,96,6,884
Input,XXX,6,strain.258,96,6,790
Input,XXX,6,strain.259,96,6,349
Input,XXX,6,strain.26,96,6,120
Input,XXX,6,strain.260,96,6,584
Input,XXX,6,strain.261,96,6,778
Input,XXX,6,strain.262,96,6,291
Input,XXX,6,strain.263,96,6,622
Input,XXX,6,strain.264,96,6,538
Input,XXX,6,strain.265,96,6,0
Input,XXX,6,strain.266,96,6,736
Input,XXX,6,strain.267,96,6,81
Input,XXX,6,strain.268,96,6,830
Input,XXX,6,strain.269,96,6,311
Input,XXX,6,strain.27,96,6,1573
Input,XXX,6,strain.270,96,6,400
Input,XXX,6,strain.271,96,6,757
Input,XXX,6,strain.272,96,6,384
Input,XXX,6,strain.273,96,6,1324
Input,XXX,6,strain.274,96,6,891
Input,XXX,6,strain.275,96,6,293
Input,XXX,6,strain.276,96,6,114
Input,XXX,6,strain.277,96,6,0
Input,XXX,6,strain.278,96,6,999
Input,XXX,6,strain.279,96,6,656
Input,XXX,6,strain.28,96,6,717
Input,XXX,6,strain.280,96,6,731
Input,XXX,6,strain.281,96,6,356
Input,XXX,6,strain.282,96,6,547
Input,XXX,6,strain.283,96,6,608
Input,XXX,6,strain.284,96,6,1136
Input,XXX,6,strain.285,96,6,731
Input,XXX,6,strain.286,96,6,578
Input,XXX,6,strain.287,96,6,422
Input,XXX,6,strain.288,96,6,679
Input,XXX,6,strain.289,96,6,475
Input,XXX,6,strain.29,96,6,446
Input,XXX,6,strain.290,96,6,629
Input,XXX,6,strain.291,96,6,450
Input,XXX,6,strain.292,96,6,590
Input,XXX,6,strain.293,96,6,91
Input,XXX,6,strain.294,96,6,74
Input,XXX,6,strain.295,96,6,182
Input,XXX,6,strain.296,96,6,523
Input,XXX,6,strain.297,96,6,1096
Input,XXX,6,strain.298,96,6,495
Input,XXX,6,strain.299,96,6,702
Input,XXX,6,strain.3,96,6,373
Input,XXX,6,strain.30,96,6,1002
Input,XXX,6,strain.300,96,6,409
Input,XXX,6,strain.301,96,6,778
Input,XXX,6,strain.302,96,6,365
Input,XXX,6,strain.303,96,6,1936
Input,XXX,6,strain.304,96,6,665
Input,XXX,6,strain.305,96,6,1322
Input,XXX,6,strain.306,96,6,883
Input,XXX,6,strain.307,96,6,730
Input,XXX,6,strain.308,96,6,404
Input,XXX,6,strain.309,96,6,753
Input,XXX,6,strain.31,96,6,662
Input,XXX,6,strain.310,96,6,586
Input,XXX,6,strain.311,96,6,535
Input,XXX,6,strain.312,96,6,1265
Input,XXX,6,strain.313,96,6,491
Input,XXX,6,strain.314,96,6,418
Input,XXX,6,strain.315,96,6,4370
Input,XXX,6,strain.316,96,6,684
Input,XXX,6,strain.317,96,6,190
Input,XXX,6,strain.318,96,6,699
Input,XXX,6,strain.319,96,6,3568
Input,XXX,6,strain.32,96,6,491
Input,XXX,6,strain.320,96,6,308
Input,XXX,6,strain.321,96,6,739
Input,XXX,6,strain.322,96,6,260
Input,XXX,6,strain.323,96,6,201
Input,XXX,6,strain.324,96,6,361
Input,XXX,6,strain.325,96,6,1440
Input,XXX,6,strain.326,96,6,921
Input,XXX,6,strain.327,96,6,374
Input,XXX,6,strain.328,96,6,724
Input,XXX,6,strain.329,96,6,150
Input,XXX,6,strain.33,96,6,723
Input,XXX,6,strain.330,96,6,672
Input,XXX,6,strain.331,96,6,342
Input,XXX,6,strain.332,96,6,458
Input,XXX,6,strain.333,96,6,738
Input,XXX,6,strain.334,96,6,425
Input,XXX,6,strain.335,96,6,762
Input,XXX,6,strain.336,96,6,966
Input,XXX,6,strain.337,96,6,685
Input,XXX,6,strain.338,96,6,880
Input,XXX,6,strain.339,96,6,1130
Input,XXX,6,strain.34,96,6,548
Input,XXX,6,strain.340,96,6,1395
Input,XXX,6,strain.341,96,6,284
Input,XXX,6,strain.342,96,6,580
Input,XXX,6,strain.343,96,6,493
Input,XXX,6,strain.344,96,6,447
Input,XXX,6,strain.345,96,6,480
Input,XXX,6,strain.346,96,6,792
Input,XXX,6,strain.347,96,6,356
Input,XXX,6,strain.348,96,6,820
Input,XXX,6,strain.349,96,6,351
Input,XXX,6,strain.35,96,6,718
Input,XXX,6,strain.350,96,6,1130
Input,XXX,6,strain.351,96,6,989
Input,XXX,6,strain.352,96,6,503
Input,XXX,6,strain.353,96,6,806
Input,XXX,6,strain.354,96,6,989
Input,XXX,6,strain.355,96,6,359
Input,XXX,6,strain.356,96,6,996
Input,XXX,6,strain.357,96,6,877
Input,XXX,6,strain.358,96,6,223
Input,XXX,6,strain.359,96,6,94
Input,XXX,6,strain.36,96,6,34
Input,XXX,6,strain.360,96,6,999
Input,XXX,6,strain.361,96,6,502
Input,XXX,6,strain.362,96,6,586
Input,XXX,6,strain.363,96,6,899
Input,XXX,6,strain.364,96,6,373
Input,XXX,6,strain.365,96,6,444
Input,XXX,6,strain.366,96,6,1571
Input,XXX,6,strain.367,96,6,182
Input,XXX,6,strain.368,96,6,1931
Input,XXX,6,strain.369,96,6,1394
Input,XXX,6,strain.37,96,6,369
Input,XXX,6,strain.370,96,6,653
Input,XXX,6,strain.371,96,6,389
Input,XXX,6,strain.372,96,6,500
Input,XXX,6,strain.373,96,6,527
Input,XXX,6,strain.374,96,6,491
Input,XXX,6,strain.375,96,6,1097
Input,XXX,6,strain.376,96,6,568
Input,XXX,6,strain.377,96,6,773
Input,XXX,6,strain.378,96,6,494
Input,XXX,6,strain.379,96,6,263
Input,XXX,6,strain.38,96,6,1447
Input,XXX,6,strain.380,96,6,439
Input,XXX,6,strain.381,96,6,3277
Input,XXX,6,strain.382,96,6,427
Input,XXX,6,strain.383,96,6,1316
Input,XXX,6,strain.384,96,6,3598
Input,XXX,6,strain.385,96,6,234
Input,XXX,6,strain.386,96,6,391
Input,XXX,6,strain.387,96,6,669
Input,XXX,6,strain.388,96,6,0
Input,XXX,6,strain.389,96,6,878
Input,XXX,6,strain.39,96,6,1100
Input,XXX,6,strain.390,96,6,863
Input,XXX,6,strain.391,96,6,147
Input,XXX,6,strain.392,96,6,1021
Input,XXX,6,strain.393,96,6,1086
Input,XXX,6,strain.394,96,6,77
Input,XXX,6,strain.395,96,6,107
Input,XXX,6,strain.396,96,6,257
Input,XXX,6,strain.397,96,6,2474
Input,XXX,6,strain.398,96,6,646
Input,XXX,6,strain.399,96,6,295
Input,XXX,6,strain.4,96,6,1135
Input,XXX,6,strain.40,96,6,1264
Input,XXX,6,strain.400,96,6,337
Input,XXX,6,strain.401,96,6,424
Input,XXX,6,strain.402,96,6,835
Input,XXX,6,strain.403,96,6,485
Input,XXX,6,strain.404,96,6,362
Input,XXX,6,strain.405,96,6,3066
Input,XXX,6,strain.406,96,6,1394
Input,XXX,6,strain.407,96,6,956
Input,XXX,6,strain.408,96,6,44
Input,XXX,6,strain.409,96,6,2
Input,XXX,6,strain.41,96,6,448
Input,XXX,6,strain.410,96,6,0
Input,XXX,6,strain.411,96,6,0
Input,XXX,6,strain.412,96,6,0
Input,XXX,6,strain.413,96,6,19
Input,XXX,6,strain.414,96,6,1400
Input,XXX,6,strain.415,96,6,831
Input,XXX,6,strain.416,96,6,10157
Input,XXX,6,strain.417,96,6,1
Input,XXX,6,strain.418,96,6,27123
Input,XXX,6,strain.419,96,6,54
Input,XXX,6,strain.42,96,6,654
Input,XXX,6,strain.420,96,6,952
Input,XXX,6,strain.421,96,6,0
Input,XXX,6,strain.422,96,6,0
Input,XXX,6,strain.423,96,6,14511
Input,XXX,6,strain.424,96,6,26826
Input,XXX,6,strain.425,96,6,1625
Input,XXX,6,strain.426,96,6,1006
Input,XXX,6,strain.427,96,6,2092
Input,XXX,6,strain.428,96,6,4358
Input,XXX,6,strain.429,96,6,0
Input,XXX,6,strain.43,96,6,273
Input,XXX,6,strain.430,96,6,25854
Input,XXX,6,strain.431,96,6,910
Input,XXX,6,strain.432,96,6,587
Input,XXX,6,strain.433,96,6,401
Input,XXX,6,strain.434,96,6,0
Input,XXX,6,strain.435,96,6,0
Input,XXX,6,strain.436,96,6,461
Input,XXX,6,strain.437,96,6,4083
Input,XXX,6,strain.44,96,6,5423
Input,XXX,6,strain.45,96,6,814
Input,XXX,6,strain.46,96,6,871
Input,XXX,6,strain.47,96,6,469
Input,XXX,6,strain.48,96,6,359
Input,XXX,6,strain.49,96,6,531
Input,XXX,6,strain.5,96,6,821
Input,XXX,6,strain.50,96,6,688
Input,XXX,6,strain.51,96,6,749
Input,XXX,6,strain.52,96,6,531
Input,XXX,6,strain.53,96,6,1760
Input,XXX,6,strain.54,96,6,568
Input,XXX,6,strain.55,96,6,453
Input,XXX,6,strain.56,96,6,762
Input,XXX,6,strain.57,96,6,1248
Input,XXX,6,strain.58,96,6,251
Input,XXX,6,strain.59,96,6,1453
Input,XXX,6,strain.6,96,6,634
Input,XXX,6,strain.60,96,6,806
Input,XXX,6,strain.61,96,6,1914
Input,XXX,6,strain.62,96,6,384
Input,XXX,6,strain.63,96,6,438
Input,XXX,6,strain.64,96,6,65
Input,XXX,6,strain.65,96,6,1576
Input,XXX,6,strain.66,96,6,1381
Input,XXX,6,strain.67,96,6,424
Input,XXX,6,strain.68,96,6,4441
Input,XXX,6,strain.69,96,6,390
Input,XXX,6,strain.7,96,6,425
Input,XXX,6,strain.70,96,6,310
Input,XXX,6,strain.71,96,6,148
Input,XXX,6,strain.72,96,6,211
Input,XXX,6,strain.73,96,6,418
Input,XXX,6,strain.74,96,6,1004
Input,XXX,6,strain.75,96,6,446
Input,XXX,6,strain.76,96,6,561
Input,XXX,6,strain.77,96,6,674
Input,XXX,6,strain.78,96,6,599
Input,XXX,6,strain.79,96,6,273
Input,XXX,6,strain.8,96,6,1163
Input,XXX,6,strain.80,96,6,402
Input,XXX,6,strain.81,96,6,507
Input,XXX,6,strain.82,96,6,840
Input,XXX,6,strain.83,96,6,325
Input,XXX,6,strain.84,96,6,1236
Input,XXX,6,strain.85,96,6,886
Input,XXX,6,strain.86,96,6,249
Input,XXX,6,strain.87,96,6,1787
Input,XXX,6,strain.88,96,6,458
Input,XXX,6,strain.89,96,6,389
Input,XXX,6,strain.9,96,6,593
Input,XXX,6,strain.90,96,6,1437
Input,XXX,6,strain.91,96,6,1549
Input,XXX,6,strain.92,96,6,647
Input,XXX,6,strain.93,96,6,341
Input,XXX,6,strain.94,96,6,657
Input,XXX,6,strain.95,96,6,788
Input,XXX,6,strain.96,96,6,1702
Input,XXX,6,strain.97,96,6,352
Input,XXX,6,strain.98,96,6,367
Input,XXX,6,strain.99,96,6,247
